Gene symbol,Gene name,Synonyms,Chromosome,TAIR Identifier,TAIR Accession,NCBI Identifier,UniProt,Reference,Reference_title,Description,PMID
AtSINA2,SEVEN IN Absentia (SINA),"SINAT6, TRAF-like superfamily protein",3,AT3G13672,2091581,820573,F4JDF6,"Yang, Jin, et al. 2023","Constitutive expression of AtSINA2 from Arabidopsis improves grain yield, seed oil and drought tolerance in transgenic soybean","Overexpression of AtSINA2 in Arabidopsis positively regulated the drought tolerance of transgenic plants. Ectopic expression of AtSINA2 in soybean improved the shoot growth, grain yield, drought tolerance and seed oil content in transgenic plants. Compared to wild type, transgenic soybean produced greater shoot biomass and grain yield, and showed improved seed oil and drought tolerance. Functions as positive regulator of abscisic acid-mediated stomatal closure.",36758291
AtBro1,Endosomal targeting BRO1-like domain-containing protein,-,1,AT1G73390,2206845,843674,Q9FX34,"Mehdi, S. M. M., Szczesniak, M. W., & Ludwików, A. (2023)","The Bro1-like domain-containing protein, AtBro1, modulates growth and abiotic stress responses in Arabidopsis.","AtBro1 transcripts were upregulated by salt, ABA and mannitol stress, while AtBro1-overexpression lines demonstrated robust tolerance to drought and salt stress. Furthermore, we found that ABA elicits stress-resistance responses in loss-of-function bro1-1 mutant plants and AtBro1 regulates drought resistance in Arabidopsis.",37251780
AtADF4,actin depolymerizing factor 4,-,5,AT5G59890,2168063,836111,A0A178UJT7,"Peng, Lu, et al. 2022",CARK3-mediated ADF4 regulates hypocotyl elongation and soil drought stress in Arabidopsis.,"Overexpression of ADF4 markedly enhance drought resistance in soil when compared with WT. On the other hand, drought tolerance analysis showed that overexpression of CARK3 could rescue adf4 drought susceptibility. CARK3 acts as a regulator in hypocotyl elongation and drought tolerance likely via regulating ADF4 phosphorylation.",36618656
AtTPPI,Trehalose-6-phosphate phosphatase I,"Haloacid dehalogenase-like hydrolase (HAD) superfamily protein, T31P16_90",5,AT5G10100,2184063,830874, A0A178UDH6,"Lin, Qingfang, et al. 2020",Arabidopsis thaliana trehalose-6-phosphate phosphatase gene TPPI enhances drought tolerance by regulating stomatal apertures.,"Trehalose-6-phosphate phosphatase which enhances drought tolerance by regulating stomatal apertures. AtTPPI, confers drought resistance and improves WUE by decreasing stomatal apertures and improving root architecture. The reduced expression of AtTPPI caused a drought-sensitive phenotype, while its overexpression significantly increased drought tolerance. Yeast one-hybrid assays showed that ABA-responsive element-binding factor1 (ABF1), ABF2, and ABF4 directly regulated AtTPPI expression.",32242234
AtHUB2,histone mono-ubiquitination 2,E3 ubiquitin-protein ligase BRE1-like 2,1,AT1G55250,2035726,841968,Q9C895 ,"Chen, Hong, et al. 2019",An Arabidopsis E3 ligase HUB 2 increases histone H2B monoubiquitination and enhances drought tolerance in transgenic cotton.,Encodes one of two orthologous E3 ubiquitin ligases in Arabidopsis that are involved in monoubiquitination of histone H2B. AtHUB2 plays a positive role in Arabidopsis under drought stress conditions. AtHUB2 overexpression improves the agricultural traits of transgenic cotton grown in a waterproof shed. AtHUB2 overexpression in cotton enhances drought tolerance and regulates drought stress-related gene expression in the greenhouse. ,30117653
AtSINAL7,seven in absentia like 7 gene,"Protein with RING/U-box and TRAF-like domain, RING-type E3 ubiquitin transferase ",5,AT5G37890,2153754,833768, Q9FKD7,"Peralta, Diego A., et al. 2018","Over-expression of SINAL7 increases biomass and drought tolerance, and also delays senescence in Arabidopsis.","SINAL7 lines had reduced stomatal apertures and showed delayed senescence. Over-expression of SINAL7 greatly improved drought tolerance in Arabidopsis. Over-expression of SINAL7 resulted in an increase in the concentrations of hexoses and sucrose, with a concommitant increase in plant biomass, particularly in the number of rosette leaves and stem thickness.",30003973
MAPKKK18,Mitogen-Activated Protein Kinase Kinase Kinase 18,T7A14.2,1,AT1G05100,2205523,839324,Q9ZVP5,"Li, Yuanyuan, et al. 2017",Arabidopsis MAPKKK18 positively regulates drought stress resistance via downstream MAPKK3.,"Arabidopsis MAPKKK18 enhances drought resistance via accelerating stomatal closure. MAPKKK18 is induced by osmotic stress in an ABA-dependent manner. MAPKK3, a downstream target of MAPKKK18, is a positive regulator in drought stress resistance.",28131829
AtKAI2,KARRIKIN INSENSITIVE 2,"alpha/beta-Hydrolases superfamily protein, F6G17.120",4,AT4G37470,2126357,829902,Q9SZU7 ,"Li, Weiqiang, et al. 2017",The karrikin receptor KAI2 promotes drought resistance in Arabidopsis thaliana.,"KAI2 promotes ABA responses and ABA catabolism. KAI2-mediated signaling positively regulates drought resistance in Arabidopsis. KAI2 is activated through the binding of KARs (or as-yet-unknown KL), resulting in the regulation of downstream genes involved in cuticle formation, stomatal closure, anthocyanin biosynthesis and membrane integrity. ",29131815
AtD14,Dwarf 14," AB hydrolase-1 domain-containing protein, T11I18.10",3,AT3G03990,2095913,819554, Q9SQR3 ,"Li, Weiqiang, et al. 2017",The karrikin receptor KAI2 promotes drought resistance in Arabidopsis thaliana.,"D14 acts as a positive regulator of drought resistance. d14-2 had a higher reduction in biomass than WT in the gravimetric method-based drought-resistance assay. Both D14- and KAI2-mediated signaling pathways may act together, perhaps through MAX2 to enhance drought resistance in Arabidopsis. ",29131815
AtYY1,Yin Yang 1,zinc finger (C2H2 type) family protein,4,AT4G06634 ,,826093,Q2V3L3 ,"Li, Tian, et al. 2016","A dual-function transcription factor, AtYY1, is a novel negative regulator of the Arabidopsis ABA response network.","Binds to ABR1 promoter and promotes its expression, thus negatively regulating the abscisic acid (ABA) signaling pathway. The yy1 mutant was more sensitive to ABA and NaCl than the wild-type, while overexpressing AtYY1 plants were less sensitive. AtYY1 loss also enhanced ABA-induced stomatal closing and drought resistance.",26961720
AtYAK1,YAK1-like protein 1,MEE13.9,5,AT5G35980,,833590,Q8RWH3,"Kim, D., Ntui, V. O., & Xiong, L. (2016).  ",Arabidopsis YAK 1 regulates abscisic acid response and drought resistance.,"AtYak1 knockout mutant plants were hyposensitive to ABA inhibition of seed germination, cotyledon greening, seedling growth, and stomatal movement. atyak1-1 mutant plants display reduced drought stress resistance, as evidenced by water loss rate and survival rate. AtYak1 plays a role as a positive regulator in ABA-mediated drought response in Arabidopsis.",27264339
AtHSFA6b,heat shock transcription factor A6B,-,3,AT3G22830,,821854, Q9LUH8,"Huang, Ya-Chen, et al. 2016",The heat stress factor HSFA6b connects ABA signaling and ABA-mediated heat responses.,"HSFA6b Overexpression Conferred Drought and Salt Tolerance. HSFA6b, a Nuclear Factor, Responds to ABA Signaling via the AREB/ABF-ABRE Regulon. HSFA6b, a Positive Regulator, Is Involved in ABA-Mediated Drought, Salt, and Thermotolerance.",27493213
AtEDT1/HDG11,ENHANCED DROUGHT TOLERANCE1/HOMEODOMAIN GLABROUS11,"Homeobox-leucine zipper protein, T9L24.43",1,AT1G73360,2206880,843671,Q9FX31 ,"Yu, Lin‐Hui, et al. 2016",Arabidopsis EDT 1/HDG 11 improves drought and salt tolerance in cotton and poplar and increases cotton yield in the field.,Transcription factor which acts as positive regulator of drought stress tolerance. Overexpression of AtHDG11 in cotton enhances drought tolerance in laboratory condition. AtHDG11 enhances tolerance to salinity stress in cotton. Reduced leaf stomatal density and increased water-use efficiency in AtHDG11-expressing cotton.,25879154
AtPED2,Peroxisome defective 2,"ATPEX14, peroxin 14, Peroxisomal membrane protein",5,AT5G62810,2170688,836402,Q9FXT6 ,"Shi, H., Ye, T., Yang, F., & Chan, Z. (2015). ",Arabidopsis PED2 positively modulates plant drought stress resistance.,"AtPED2 plays a positive role in drought resistance, through modulation of stress-responsive genes expression, ROS metabolism, and metabolic homeostasis. Multiple carbon metabolites including amino acids, organic acids, sugars, sugar alcohols, and aromatic amines were also positively regulated by AtPED2.",25588806
AtTGA4 ,TGACG motif-binding factor 4,"OBF4, OCS ELEMENT BINDING FACTOR 4, OCTOPINE SYNTHASE ELEMENT-BINDING PROTEIN",5,AT5G10030,2184078,830866,Q24JJ3,"Zhong, Li, et al. 2015","AtTGA4, a bZIP transcription factor, confers drought resistance by enhancing nitrate transport and assimilation in Arabidopsis thaliana.",Overexpression of AtTGA4 improved drought resistance in transgenic Arabidopsis. Higher levels of nitrogen transport and assimilation activity contributed to enhanced drought resistance in transgenic AtTGA4 plants.,25596127
AtMYB96,MYB DOMAIN PROTEIN 96,MYBCOV1,5,AT5G62470,2154119,836367,Q24JK1,"Lee, Saet Buyl, et al. 2014",Overexpression of Arabidopsis MYB96 confers drought resistance in Camelina sativa via cuticular wax accumulation.,Transgenic plants overexpressing Arabidopsis MYB96 exhibited normal growth and development and enhanced tolerance to drought. Deposition of epicuticular wax crystals and total wax loads increased significantly on the surfaces of transgenic leaves compared with that of non-transgenic plants. Encodes a R2R3 type Myb transcription factor whose expression is strongly induced by abscisic acid. Mediates abscisic acid signaling during drought stress response. Promotes seed fatty acid accumulation.,24880908
AtLRK10L1,Leaf rust 10 disease-resistance locus receptor-like protein kinase 1,Serine/Threonine kinase family catalytic domain protein,1,AT1G18390,2014154,838420,P0C5E2,"Lim, Chae Woo, et al. 2015","The AtLRK10L1. 2, Arabidopsis ortholog of wheat LRK10, is involved in ABA-mediated signaling and drought resistance.","The loss-of-function mutants of the Arabidopsis LRK10 gene shows ABA-insensitive and drought stress-sensitive phenotypes, suggesting that LRK10L1.2 is positively involved in ABA signaling.",25533478
NTL4,NAC WITH TRANSMEMBRANE MOTIF 1-LIKE 4,"AIF, ANAC053, ANTHER INDEHISCENCE FACTOR, NAC053",3,AT3G10500,2075815,820214,Q949N0 ,"Lee, Sangmin, et al. 2012",A NAC transcription factor NTL4 promotes reactive oxygen species production during drought‐induced leaf senescence in Arabidopsis.,"a drought-responsive NAC transcription factor NTL4 promotes ROS production by binding directly to the promoters of genes encoding ROS biosynthetic enzymes during drought-induced leaf senescence. ROS levels were reduced in NTL4-deficient ntl4 mutants, which exhibited delayed leaf senescence and enhanced drought resistance.",22313226
YUC 7,flavin monooxygenase gene YUCCA7, Probable indole-3-pyruvate monooxygenase YUCCA7,2,AT2G33230,2046545,817885,O49312 ,"Lee, Minyoung, et al. 2012",Activation of a flavin monooxygenase gene YUCCA7 enhances drought resistance in Arabidopsis.,"Encodes a flavin monooxygenase gene which belongs to the tryptophan-dependent auxin biosynthetic pathway and enhances drought resistance. The YUC7 gene was induced by drought, primarily in the roots, in an abscisic acid (ABA)-dependent manner. ",22109847
AtABCG36,ATP-BINDING CASSETTE G36,"ATPDR8, PEN3, PENETRATION 3, PLEIOTROPIC DRUG RESISTANCE 8",1,AT1G59870,2025931,842281,Q9XIE2,"Kim, Do‐Young, et al. 2010",Overexpression of AtABCG36 improves drought and salt stress resistance in Arabidopsis., AtABCG36-overexpressing plants were more resistant to drought and salt stress and grew to higher shoot fresh weight (FW) than the wild-type. AtABCG36 contributes to drought and salt resistance in Arabidopsis by a mechanism that includes reduction of sodium content in plants.,20088904
AtOCP3,overexpressor of cationic peroxidase 3,-,5,AT5G11270,2148012,830997, Q8H0V5 ,"Ramírez, Vicente, et al. 2009",Drought tolerance in Arabidopsis is controlled by the OCP3 disease resistance regulator.,The Arabidopsis loss-of-function ocp3 mutant exhibits both drought resistance and enhanced disease resistance to necrotrophic fungal pathogens. Loss of ABA biosynthesis and perception suppresses all major aspects of drought resistance in ocp3 plants. OCP3 is a negative regulator in a specific branch of the ABA-mediated drought-response network controlling stomatal movement.,19175769
AtPYL5,PYRABACTIN RESISTANCE 1-LIKE 5,"RCAR8, REGULATORY COMPONENT OF ABA RECEPTOR 8",5,AT5G05440,2153549,830427,A0A5S9Y1M7 ,"Santiago, Julia, et al. 2009",Modulation of drought resistance by the abscisic acid receptor PYL5 through inhibition of clade A PP2Cs.,"PYL5 over-expression led to a globally enhanced response to ABA. PYL5 inhibited HAB1, ABI1 and ABI2 phosphatase activity in an ABA-dependent manner. Enhanced resistance to drought can be obtained through PYL5-mediated inhibition of clade A PP2Cs.",19624469
AtHK1,Histidine Kinase 1,-,2,AT2G17820,2827836,816291,Q9SXL4,"Wohlbach, D. J., Quirino, B. F., & Sussman, M. R. (2008). ",Analysis of the Arabidopsis histidine kinase ATHK1 reveals a connection between vegetative osmotic stress sensing and seed maturation. ,"Overexpression of ATHK1 results in increased water stress tolerance, our observations suggest a new top-down route to increasing drought resistance via receptor-mediated increases in sensing water status. athk1 null mutants showed significantly more sensitivity to drought. Overexpression of ATHK1 increased tolerance to drought, osmotic, and salinity stresses. Positive regulator of drought and salt stress responses, and abscisic acid (ABA) signaling. Confers drought tolerance, probably by regulating levels of ABA accumulation. ",18441212
AtSDIR1,E3 ligase salt-and drought-induced RING-finger 1,-,3,AT3G55530,2100021,824718, Q9M2S6,"Zhang, Yi-yue, et al. 2008",Arabidopsis SDIR1 enhances drought tolerance in crop plants. Arabidopsis SDIR1 gene plays a positive role in ABA signaling and promotes the ABA-mediated drought tolerant phenotype when overexpressed in Arabidopsis,SDIR1-overexpressing Arabidopsis plants exhibit improved tolerance to drought. Ectopic expression of SDIR1 in both tobacco and rice plants conferred improved drought tolerance ability. These results suggest that SDIR1 can function as a drought-tolerance gene in both dicotyledons and monocotyledons.,18685183
NF-YA5,Nuclear Factor Y subunit A5,-,1,AT1G54160,2014375,841856,Q9SYH4,"Li, Wen-Xue, et al. 2008",The Arabidopsis NFYA5 transcription factor is regulated transcriptionally and posttranscriptionally to promote drought resistance.,"NFYA5 transcript is strongly induced by drought stress in an abscisic acid (ABA)-dependent manner. NFYA5 contains a target site for miR169, which targets mRNAs for cleavage or translational repression. nfya5 knockout plants and plants overexpressing miR169a showed enhanced leaf water loss and were more sensitive to drought stress than wild-type plants. NFYA5 is important for drought resistance, and its induction by drought stress occurs at both the transcriptional and posttranscriptional levels.",18682547
HRD,HARDY,"Ethylene-responsive transcription factor ERF024, Integrase-type DNA-binding superfamily protein",2,AT2G36450,2044845,818219, Q9SJR0 ,"Karaba, Aarati, et al. 2007","Improvement of water use efficiency in rice by expression of HARDY, an Arabidopsis drought and salt tolerance gene.","Overexpression of HRD increases the density of the root network and improves water and salt stress tolerance in Arabidopsis. Overexpression of HRD in rice causes an increase in plant biomass and improves drought resistance and WUE. The HRD gene, an AP2/ERF-like transcription factor, identified by a gain-of-function Arabidopsis mutant hrd-D having roots with enhanced strength, branching, and cortical cells, exhibits drought resistance and salt tolerance, accompanied by an enhancement in the expression of abiotic stress associated genes.",17881564
CBF4,C-REPEAT-BINDING FACTOR 4,DREB1D,5,AT5G51990,2173113,835274, Q9FJ93 ,"Haake, Volker, et al. 2002",Transcription factor CBF4 is a regulator of drought adaptation in Arabidopsis.,Overexpression of CBF4 in transgenic Arabidopsis plants results in the activation of C-repeat/dehydration-responsive element containing downstream genes that are involved in cold acclimation and drought adaptation. CBF4 Overexpression Results in Plants That Are More Freezing and Drought Tolerant.,12376631
AtJAZ7,Jasmonate-Zim-Domain Protein 7,TIFY5B,2,AT2G34600,2062345,818025, O64687,"Meng, Li, et al. 2019",Comparative proteomics and metabolomics of JAZ7-mediated drought tolerance in Arabidopsis.,"Overexpression of AtJAZ7 in Arabidopsis improves drought tolerance by regulating photosynthesis, redox, antioxidant, and metabolic pathways involving amino acids, plant hormones, and defense metabolites.",30731210
ZAT18,C2H2-type zinc finger family protein,-,3,AT3G53600,2084046,824528, Q9LFG0,"Yin, Mingzhu, et al. 2017",The Arabidopsis Cys2/His2 zinc finger transcription factor ZAT18 is a positive regulator of plant tolerance to drought stress.,"Overexpression (OE) of ZAT18 in Arabidopsis improved drought tolerance while mutation of ZAT18 resulted in decreased plant tolerance to drought stress. ZAT18 OE plants exhibited less leaf water loss, lower content of reactive oxygen species (ROS), higher leaf water content, and higher antioxidant enzyme activities after drought treatment when compared with the wild type (WT).",28586434
AtCPK23,Calcium Dependent Protein Kinase 23,-,4,AT4G04740,2138917,825809,F4JGW8,"Ma, Shu-Ying, and Wei-Hua Wu. 2007",AtCPK23 functions in Arabidopsis responses to drought and salt stresses.,"AtCPK23 improved the drought tolerance in Arabidopsis by behaving as a negative regulator of abiotic stress signaling. The results of stomatal aperture measurement showed that the disruption of AtCPK23 expression reduced stomatal apertures, while overexpression of AtCPK23 increased stomatal apertures.",17541706
AtCPK6,calcium dependent protein kinase 6,AtCDPK3,2,AT2G17290,2827528,816235,Q38872,"Xu, Jing, et al. 2010","AtCPK6, a functionally redundant and positive regulator involved in salt/drought stress tolerance in Arabidopsis.",Over-expression of AtCPK6 in Arabidopsis led to enhanced drought tolerance.,20217124
AtCPK10,calcium dependent protein kinase 10,AtCDPK1,1,AT1G18890,2011201,838470,A0A654EC48,"Zou, Jun-Jie, et al. 2010",Arabidopsis calcium-dependent protein kinase CPK10 functions in abscisic acid-and Ca2+-mediated stomatal regulation in response to drought stress.,CPK10 overexpression lines displayed enhanced tolerance to drought stress. Induction of stomatal closure and inhibition of stomatal opening by abscisic acid (ABA) and Ca(2+) were impaired in the cpk10 mutants. Evidences also indicated the participation of AtCPK10 in ABA-responsive drought tolerance.,20805328
WIN1/SHN1,Wax Inducer 1/Shine 1,Integrase-type DNA-binding superfamily protein,1,AT1G15360,2037698,838105,A0A178WNC4,"Kannangara, Rubini, et al. 2007",The transcription factor WIN1/SHN1 regulates cutin biosynthesis in Arabidopsis thaliana.,"Overexpression of WIN1/SHN1 increases wax production, modulate cuticular permeability, and enhances the drought tolerance in Arabidopsis. WIN1/SHN encodes an APETALA2/EREBP-type transcription factor.",17449808
AtCPK12,calcium dependent protein kinase 12,CDPK9,5,AT5G23580,2171726,832424,Q42396,"Zhao, Rui, et al. 2011",The Arabidopsis Ca2+‐dependent protein kinase CPK12 negatively regulates abscisic acid signaling in seed germination and post‐germination growth.,AtCPK12 has been categorized as a negative ABA signaling pathway regulator,21692804
AtGRXS17,Monothiol glutaredoxin 17,thioredoxin family protein,4,AT4G04950,2135363,825835,Q9ZPH2,"Wu, Qingyu et al. 2017","Expression of a monothiol glutaredoxin, AtGRXS17, in tomato (Solanum lycopersicum) enhances drought tolerance.",Ectopic expression of AtGRXS17 enhances drought stress tolerance in tomato. AtGRXS17-expressing tomato plants reduce excessive ROS accumulation.,28780355
AtWRKY57,WRKY DNA-binding protein 57,-,1,AT1G69310,2007081,843262,Q147N6,"Jiang, Yanjuan et al. 2016",Heterologous Expression of AtWRKY57 Confers Drought Tolerance in Oryza sativa.,"Overexpressing AtWRKY57 enhanced drought tolerance in Arabidopsis thaliana. Arabidopsis WRKY57 transcription factor was able to confer drought tolerance to transgenic rice (Oryza sativa) plants. The enhanced drought tolerance of transgenic rice was resulted from the lower water loss rates, cell death, malondialdehyde contents and relative electrolyte leakage while a higher proline content and reactive oxygen species-scavenging enzyme activities was observed during stress conditions.",26904091
AtDBP1,DNA-binding protein phosphatase 1,-,2,AT2G25620,2050296,817102,A0A178VZ04,"Jiao, Shuang et al. 2020",Phosphatase AtDBP1 negatively regulates drought and salt tolerance through altering leaf surface permeability in Arabidopsis.,Overexpression of AtDBP1 negatively regulates drought stress by decreasing cuticle wax accumulation and cuticle membrane thickness.,32342434
AtSAP5,Stress-associated protein 5,A20/AN1 zinc-finger protein,3,AT3G12630,2101217,820443,Q9LHJ8,"Kang, Miyoung et al. 2011",Arabidopsis SAP5 functions as a positive regulator of stress responses and exhibits E3 ubiquitin ligase activity.,"AtSAP5 functions as an E3 ubiquitin ligase and interacts with C-MYC BINDING PROTEIN (AtMBP-1), promoting its proteolysis, and therefore plays a role as a positive regulator of drought stress responses.",21293909
AtbHLH68 ,BASIC HELIX LOOP HELIX 68,"PERICYCLE FACTOR TYPE-A 3, PFA3",4,AT4G29100,2119901,829031,A0A178V0M1,"Le Hir, Rozenn et al. 2017",AtbHLH68 transcription factor contributes to the regulation of ABA homeostasis and drought stress tolerance in Arabidopsis thaliana.,"AtbHLH68 overexpressing lines displayed defects in lateral root (LR) formation and a significant increased tolerance to drought stress, likely related to an enhanced sensitivity to abscisic acid (ABA) and/or increased ABA content. ",28369972
AtPYL9,Pyrabactin resistance 1-like 9,"RCAR1, REGULATORY COMPONENT OF ABA RECEPTOR 1",1,AT1G01360,2035227,838452,A0A178W4H4,"Zhao, Yang et al. 2016",ABA receptor PYL9 promotes drought resistance and leaf senescence.,"PYL9 promotes drought resistance by not only limiting transpirational water loss but also, causing summer dormancy-like responses, such as senescence, in old leaves and growth inhibition in young tissues under severe drought conditions. PYL9 Confers Drought Resistance to Both Arabidopsis and Rice.",26831097
AtMYB44,MYB domain protein 44,AtMYBR1,5,AT5G67300,2158212,836865,A0A178UQ74,"Jung, Choonkyun et al. 2008",Overexpression of AtMYB44 enhances stomatal closure to confer abiotic stress tolerance in transgenic Arabidopsis.,"Transgenic Arabidopsis overexpressing AtMYB44 is more sensitive to ABA and has a more rapid ABA-induced stomatal closure response than wild-type and atmyb44 knockout plants. Transgenic plants exhibited a reduced rate of water loss, as measured by the fresh-weight loss of detached shoots, and remarkably enhanced tolerance to drought and salt stress compared to wild-type plants.",18162593
AtWRKY54,WRKY DNA-binding protein 54,-,2,AT2G40750,2064806,818670,A0A178VT46,"Chen, Jiani et al. 2017","Arabidopsis WRKY46, WRKY54, and WRKY70 Transcription Factors Are Involved in Brassinosteroid-Regulated Plant Growth and Drought Responses.","WRKY46, WRKY54, and WRKY70 Play Negative Roles in the Drought Response and Repress Dehydration-Inducible Gene Expression. WRKY54 and BES1 Cooperate to Negatively Regulate Dehydration-Induced Genes. ",28576847
AtWRKY46,WRKY DNA-binding protein 46,,2,AT2G46400,-,-,-,"Chen, Jiani et al. 2017","Arabidopsis WRKY46, WRKY54, and WRKY70 Transcription Factors Are Involved in Brassinosteroid-Regulated Plant Growth and Drought Responses.","WRKY transcription factor 46 play positive role in brassinosteroid-regulated growth and a negative role in drought response by cooperating with BES1. WRKY46, WRKY54, and WRKY70 Play Negative Roles in the Drought Response and Repress Dehydration-Inducible Gene Expression. ",28576847
AtWRKY70,WRKY DNA-binding protein 70,,3,AT3G56400,2102539,824807,Q9LY00,"Chen, Jiani et al. 2017","Arabidopsis WRKY46, WRKY54, and WRKY70 Transcription Factors Are Involved in Brassinosteroid-Regulated Plant Growth and Drought Responses.","WRKY transcription factor 70 play positive role in brassinosteroid-regulated growth and a negative role in drought response by cooperating with BES1. WRKY46, WRKY54, and WRKY70 Play Negative Roles in the Drought Response and Repress Dehydration-Inducible Gene Expression. ",28576847
AtDRIP2,DREB2A-interacting protein 2,-,2,AT2G30580,2064392,817608,A0A178VRI3,"Qin, Feng et al. 2008",Arabidopsis DREB2A-interacting proteins function as RING E3 ligases and negatively regulate plant drought stress-responsive gene expression.,AtDRIP2 functions as negative regulator of drought stress response.,18552202
AtJUB1,JUNGBRUNNEN1,NAC042,2,AT2G43000,2045570,818902,A0A178VL40,"Ebrahimian-Motlagh, Saghar et al. 2017",JUNGBRUNNEN1 Confers Drought Tolerance Downstream of the HD-Zip I Transcription Factor AtHB13.,"JUB1 is a drought-induced gene whose overexpression enhances drought tolerance in Arabidopsis. AtHB13 Binds to the JUB1 Promoter and Activates Its Expression during Drought Stress. JUB1 directly regulates the expression of stress-responsive TFs such as DREB2A and it reduces the cellular levels of reactive oxygen species (ROS), which contributes to the enhanced stress tolerance",29326734
AtHB13,Homeobox-leucine zipper TF 13,-,1,AT1G69780,2205075,843314,A0A654EP87,"Cabello, J. V., & Chan, R. L. 2012",The homologous homeodomain-leucine zipper transcription factors HaHB1 and AtHB13 confer tolerance to drought and salinity stresses via the induction of proteins that stabilize membranes. ,Ectopic expression of AtHB13 confers tolerance to drought and is associated with increased yield.,22564282
AtbZIP60,bZIP factor 60,-,1,AT1G42990,-,840897,-,"Tang, Wei, and Michael Page (2013)","Overexpression of the AtbZIP60 gene in transgenic cell lines improved salt, drought, and cold stress tolerances by regulating expression of Ca2+-dependent protein kinase genes.","AtbZIP60 gene enhanced salt, drought, and cold tolerance in rice and white pine transgenic cell lines. In rice, transcription factor AtbZIP60 increased expression of Ca2+-dependent protein kinase genes OsCPK6, OsCPK9, OsCPK10, OsCPK19, OsCPK25, and OsCPK26 under treatment of salt, drought, and cold.",23275191
COST1,constitutively stressed 1,myosin-4 protein (DUF641),2,AT2G45260,-,819134,-,"Bao, Yan et al. 2020",COST1 regulates autophagy to control plant drought tolerance.,"Overexpression of COST1 leads to drought hypersensitivity and decreased autophagy in response to stress. COST1 negatively regulates autophagy, and aggregation/degradation of COST1 during drought therefore activates autophagy, allowing plants to tolerate drought conditions.",32170020
AtMC3,metacaspase 3,-,5,AT5G64240,-,836545,-,"Pitsili, Eugenia et al. 2023",A phloem-localized Arabidopsis metacaspase (AtMC3) improves drought tolerance.,"Overexpression of AtMC3 conferred drought tolerance by enhancing the differentiation of specific vascular tissues and maintaining higher levels of vascular-mediated transportation, while plants lacking the protein showed an impaired response to drought and inability to respond effectively to the hormone abscisic acid. ",37320971
ACBP2,acyl-CoA-binding protein 2,-,4,AT4G27780,-,828891,-,"DU, Zhi-Yan et al. 2013",Overexpression of Arabidopsis acyl-CoA-binding protein ACBP2 enhances drought tolerance.,"ACBP2 was induced by ABA and drought, and transgenic Arabidopsis overexpressing ACBP2 (ACBP2-OXs) showed increased sensitivity to ABA treatment during germination and seedling development. ACBP2-OXs also displayed improved drought tolerance and ABA-mediated reactive oxygen species (ROS) production in guard cells, thereby promoting stomatal closure, reducing water loss and enhancing drought tolerance.",22788984
AtMYB52 ,myb domain protein 52,-,1,AT1G17950,-,838374,-,"Park, Min Young et al. 2011",Overexpression of AtMYB52 confers ABA hypersensitivity and drought tolerance.,AtMYB52 overexpression lines were drought-tolerant and their seedlings were salt-sensitive. ,21399993
AtMMS21,METHYL METHANE SULFONATE SENSITIVITY 21,"HPY2, high ploidy 2, NSE2",3,AT3G15150,-,820746,-,"Zhang, Shengchun et al. 2013",SUMO E3 ligase AtMMS21 regulates drought tolerance in Arabidopsis thaliana(F).,"AtMMS21 gene negatively regulates drought tolerance and constitutive expression of MMS21 reduces drought tolerance. Under drought conditions, mms21 mutants showed the highest survival rate and the slowest water loss, and accumulated a higher level of free proline compared to wild-type (WT) and MMS21 over-expression plants. ",23231763
AtbZIP62,bZIP transcription factor 62,-,1,AT1G19490,-,838535,-,"Rolly, Nkulu Kabange et al. 2020",Drought-induced AtbZIP62 transcription factor regulates drought stress response in Arabidopsis,"AtbZIP62 could be involved in AtPYD1 transcriptional regulation while modulating cellular redox state and photosynthetic processes. In addition, AtbZIP62 is suggested to positively regulate drought stress response in Arabidopsis. Both atbzip62 and atpyd1-2 mutants showed high sensitivity towards drought stress suggesting positive regulation by AtbZIP62.",33007532
AtGBF3,G-box binding factor 3,-,2,AT2G46270,-,819235,-,"Ramegowda, Venkategowda et al. 2017",GBF3 transcription factor imparts drought tolerance in Arabidopsis thaliana.,"Overexpression of AtGBF3 in A. thaliana resulted in improved tolerance to osmotic stress, salinity and drought stress in addition to conferring insensitivity to ABA.",28831141
ATSIZ1,DNA-binding protein with MIZ/SP-RING zinc finger,PHD-finger and SAP domain-containing protein,5,AT5G60410,-,836163,-,"Catala, Rafael et al. 2007",The Arabidopsis E3 SUMO ligase SIZ1 regulates plant growth and drought responses.,SIZ1 Is a Positive Regulator of Drought Stress Tolerance. SIZ1 Regulates Both Basal and Drought-Inducible Gene Expression.,17905899
AtUGT76C2,UDP-glucosyl transferase 76C2,-,5,AT5G05860,-,830471,-,"Li, Yan-jie et al. 2015","AtUGT76C2, an Arabidopsis cytokinin glycosyltransferase is involved in drought stress adaptation.",UGT76C2 overexpression enhances drought stress tolerance during adult stage. UGT76C2 is involved in affecting the stomata movement under drought stress and ABA treatment,26025529
AtMAX2,More Axillary Branches 2,"ORE9, PPS",2,AT2G42620,-,818862,-,"Bu, Qingyun et al. 2014",Regulation of drought tolerance by the F-box protein MAX2 in Arabidopsis.,max2 mutant is hypersensitive to drought stress compared with the wild type,24198318
AtAPA1,aspartic proteinase A1,AtPaspA1,1,AT1G11910,-,837740,-,"Sebastián, D'Ippólito et al. 2020",Overexpression of Arabidopsis aspartic protease APA1 gene confers drought tolerance.,"Overexpressing APA1 Arabidopsis plants (OE-APA1), showed a phenotype more tolerant to drought compared with WT.",32005402
AtRGGA ,Arginine Glycine Glycine (RGG) box-containing RNA-binding protein,Hyaluronan/mRNA-binding domain-containing protein,4,AT4G16830,-,827389,-,"Ambrosone, Alfredo et al. 2015",The Arabidopsis RNA-binding protein AtRGGA regulates tolerance to salt and drought stress.,"When drought or salt stress was imposed, the rgga mutant appeared more sensitive than the wild type, with a more obvious bleaching of leaves. In contrast, overexpressing plants showed less wilting and bleaching symptoms in the presence of salt and drought stress compared with Col-0.",25783413
ASPG1,ASPARTIC PROTEASE IN GUARD CELL 1,-,3,AT3G18490,-,821379,-,"Yao, Xuan et al. 2012",Overexpression of the aspartic protease ASPG1 gene confers drought avoidance in Arabidopsis.,Overexpression of the ASPG1 gene enhanced ABA sensitivity in guard cells and reduced water loss in ectopically overexpressing ASPG1 (ASPG1-OE) transgenic plants. ASPG1 confers drought avoidance through the ABA signal transduction pathway.,22268147
AT14A,"transmembrane protein, putative (DUF677)",-,3,AT3G28300,-,822457,-,"Xin, Hongliang et al. 2023",The Arabidopsis thaliana integrin-like gene AT14A improves drought tolerance in Solanum lycopersicum.,AT14A regulates expression of Protein phosphatase 2 C 51 (PP2C 51) and ABSCISIC ACID-INSENSITIVE 5 (ABI5) to participate in ABA pathways to enhance drought tolerance. AT14A enhanced drought tolerance by regulating waxy cuticle synthesis genes. AT14A improves drought tolerance of transgenic tomato.,37133572
AtHDA9,histone deacetylase 9,-,3,AT3G44680,-,823594,-,"Zheng, Yu et al. 2016",Histone deacetylase HDA9 negatively regulates salt and drought stress responsiveness in Arabidopsis.,HDA9 might be a novel chromatin protein that negatively regulates plant sensitivity to salt and drought stresses by regulating histone acetylation levels of a large number of stress-responsive genes in Arabidopsis.,26733691
AtSWEET17,SUGAR WILL EVENTUALLY BE EXPORTED TRANSPORTER 17,Nodulin MtN3 family protein,4,AT4G15920,-,827274,-,"Valifard, Marzieh et al. 2021",Vacuolar fructose transporter SWEET17 is critical for root development and drought tolerance.,"sweet17 knock-out mutants exhibited reduced lateral root (LR) growth and a diminished expression of LR-development-related transcription factors during drought stress, resulting in impaired drought tolerance of sweet17 mutants. SWEET17 loss-of-function mutants exhibit decreased tolerance against drought stress and increased drought-dependent fructose accumulation.",34597404
AtWRKY53,WRKY DNA-binding protein 53,-,4,AT4G23810,-,828481,-,"Sun, Yiding, and Diqiu Yu. 2015",Activated expression of AtWRKY53 negatively regulates drought tolerance by mediating stomatal movement., AtWRKY53 overexpression lines were hypersensitive to drought stress compared with Col-0 plants. WRKY53 regulated stomatal movement via reducing the H2O2 content and promoting the starch metabolism in guard cells.,25861729
AtMYB96,MYB transcription factor 96,-,5,AT5G62470,-,836367,-,"Seo, Pil Joon et al. 2011",The MYB96 transcription factor regulates cuticular wax biosynthesis under drought conditions in Arabidopsis.,MYB96 transcription factor confers drought resistance by modulating cuticular wax biosynthesis.,21398568
AtSAUR32 ,SMALL AUXIN UP-REGULATED RNA,-,2,AT2G46690,-,819281,-,"He, Yanjun et al. 2021",The Arabidopsis SMALL AUXIN UP RNA32 Protein Regulates ABA-Mediated Responses to Drought Stress.,AtSAUR32 has the potential to diminish the negative impact of drought stress. AtSAUR32 overexpression enhanced drought tolerance in Arabidopsis while AtSAUR32 knockout plants displayed contrasting results.,33777065
YUCCA6,YUC protein,"AtYUC6, Flavin-binding monooxygenase family protein",5,AT5G25620,-,832638,-,"Cha, Joon-Yung et al. 2015",A novel thiol-reductase activity of Arabidopsis YUC6 confers drought tolerance independently of auxin biosynthesis.,"Arabidopsis plants overexpressing YUC6 display enhanced IAA-related phenotypes and exhibit improved drought stress tolerance, low rate of water loss and controlled ROS accumulation under drought and oxidative stresses. ",26314500
AtBIL9,BRZ INSENSITIVE LONG HYPOCOTYL 9 ,hydroxyproline-rich glycoprotein family protein,4,AT4G25620,-,828667,-,"Surina, Surina et al. 2024",BIL9 Promotes Both Plant Growth via BR Signaling and Drought Stress Resistance by Binding with the Transcription Factor HDG11.,"Overexpression of BIL9 enhances drought and mannitol stress resistance and increases the expression of drought-responsive genes. BIL9 protein is induced by dehydration and interacts with the HD-Zip IV transcription factor HOMEODOMAIN GLABROUS 11 (HDG11), which is known to promote plant resistance to drought stress, in vitro and in vivo.",38242155
AtGolS2,galactinol synthase 2 ,-,1,AT1G56600,-,842114,-,"Himuro, Yasuyo et al. 2014",Arabidopsis galactinol synthase AtGolS2 improves drought tolerance in the monocot model Brachypodium distachyon.,"AtGolS2-expressing transgenics displayed significantly improved drought tolerance, increasing with increased expression of AtGolS2. ",24973584
AtGTL1,GT-2 LIKE 1,-,1,AT1G33240,-,840218,-,"Yoo, Chan Yul et al. 2010",The Arabidopsis GTL1 transcription factor regulates water use efficiency and drought tolerance by modulating stomatal density via transrepression of SDD1.,AtGTL1 negatively regulates water use efficiency by modulating stomatal density; the mutation of the encoding gene increases the plant tolerance to drought stress,21169508
AtSMAX1,SUPPRESSOR of MORE AXILLARY GROWTH 2 1,-,5,AT5G57710,-,835878,-,"Feng, Zhonghui et al. 2023",SUPPRESSOR of MAX2 1 (SMAX1) and SMAX1-LIKE2 (SMXL2) Negatively Regulate Drought Resistance in Arabidopsis thaliana.,"SMAX1 and SMXL2 negatively regulate drought resistance, and disruption of these KAR- and SL-signaling-related genes may therefore provide a novel means for improving crop drought resistance.",35681253
AtSMXL2,SMAX1-LIKE2,,4,AT4G30350,-,829158,-,"Feng, Zhonghui et al. 2023",SUPPRESSOR of MAX2 1 (SMAX1) and SMAX1-LIKE2 (SMXL2) Negatively Regulate Drought Resistance in Arabidopsis thaliana.,"SMAX1 and SMXL2 negatively regulate drought resistance, and disruption of these KAR- and SL-signaling-related genes may therefore provide a novel means for improving crop drought resistance.",35681253
KAT2,3-ketoacyl-CoA thiloase-2,,2,AT2G33150,-,-,-,"Jiang et al., 2011","Arabidopsis 3-ketoacyl-CoA thiolase-2 (KAT2), an enzyme of fatty acid Î²-oxidation, is involved in ABA signal transduction","kat2-3 mutant: ABA-insensitive phenotypes, KAT2-overexpressing transgenic lines: strong ABA-hypersensitive phenotypes (ABA-induced stomatal closure and  inhibition of stomatal opening",21257607
ABCG40,"ABC-transporter, ABA import",,1,AT1G15520,-,-,-,"Kang et al., 2010",PDR-type ABC transporter mediates cellular uptake of the phytohormone abscisic acid,"knockout: upregulation of ABA responsive genes is delayed, stomata close more slowly",20133880
ABCG25,"ABC-transporter, ABA export from cells",,1,AT1G71960,-,-,-,"Kuromori et al., 2010",ABC transporter AtABCG25 is involved in abscisic acid transport and responses,overexpressor: higher leaf temperature,20133881
MRP4,"multidrug resistance-associated protein, ABC transporter",,2,AT2G47800,-,-,-,"Klein et al., 2004","Disruption of AtMRP4, a guard cell plasma membrane ABCC-type ABC transporter, leads to deregulation of stomatal opening and increased drought susceptibility","knockout: increased stomatal aperture, increased water loss",15225287
ATHB6,"homeodomain protein, target of ABI1",,2,AT2G22430,-,-,-,"Himmelbach et al., 2002",Homeodomain protein ATHB6 is a target of the protein phosphatase ABI1 and regulates hormone responses in Arabidopsis,overexpression: ABA insensitivity; water loss in leaves from overexpressing lines increased,12065416
CBP20,Cap Binding Protein 20 (mRNA cap),,5,AT5G44200,-,-,-,"Kim et al., 2008",Two cap-binding proteins CBP20 and CBP80 are involved in processing primary MicroRNAs,loss-of-function: hypersensitivity to ABA; enhanced drought tolerance,18829588
OST1/SRK2E,"Kinase-like (open stomata 1), activated by ABA, activates SLAC1",,4,AT4G33950,-,-,-,"Mustilli et al., 2002",Arabidopsis OST1 protein kinase mediates the regulation of stomatal aperture by abscisic acid and acts upstream of reactive oxygen species production,ABA-induced stomatal closure is impaired in ost1,12468729
ABI1,PP2C,,4,AT4G26080,-,-,-,"Meyer et al., 1994",A protein phosphatase 2C involved in ABA signal transduction in Arabidopsis thaliana,ABA insensitive mutant: wilting and witherung under water stress condition,8197457
ABI2,PP2C,,5,AT5G57050,-,-,-,"Rodriguez et al., 1998","ABI2, a second protein phosphatase 2C involved in abscisic acid signal transduction in Arabidopsis",ABA insensitive,9468303
NCED,ABA biosynthesis key enzyme,,3,AT3G14440,-,-,-,"Iuchi et al., 2001","Regulation of drought tolerance by gene manipulation of 9-cis-epoxycarotenoid dioxygenase, a key enzyme in abscisic acid biosynthesis in Arabidopsis.",overexpressor: improved drought tolerance; antisense: drought-sensitive phenotype,11532178
AAO3,"Arabidopsis aldehyde oxidase, catalyzes final step in ABA biosynthesis",,2,AT2G27150,-,-,-,"Seo et al., 2000",The Arabidopsis aldehyde oxidase 3 (AAO3) gene product catalyzes the final step in abscisic acid biosynthesis in leaves,mutant: wilty phenotype,11050171
CYP707A1,ABA catabolism; 8'-hydroxylation of ABA,,4,AT4G19230,-,-,-,"Okamoto et al., 2009",High humidity induces abscisic acid 8'-hydroxylase in stomata and vasculature to regulate local and systemic abscisic acid responses in Arabidopsis,"transcript increases in response to salt, osmotic, dehydration stress and ABA; stomatal closure of the cyp707a1 mutant was ABA hypersensitive when epidermal peel was treated with exogenous ABA",19036833
AtBG1,"beta-glucosidase; hydrolyzes glucose-conjugated, inactive ABA to active ABA",,1,AT1G52400,-,-,-,"Lee et al., 2006",Activation of glucosidase via stress-induced polymerization rapidly increases active pools of abscisic acid,overexpression: drought tolerance,16990135
GTG1,"PM-ABA receptor, GPCR-type G protein",,1,AT1G64990,-,-,-,"Pandey et al., 2009",Two novel GPCR-type G proteins are abscisic acid receptors in Arabidopsis, ABA induction of stomatal closure the gtg1 gtg2 mutant plants is ABA hyposensitive,19135895
GTG2,"PM-ABA receptor, GPCR-type G protein",,4,AT4G27630,-,-,-,"Pandey et al., 2009",Two novel GPCR-type G proteins are abscisic acid receptors in Arabidopsis, ABA induction of stomatal closure the gtg1 gtg2 mutant plants is ABA hyposensitive,19135895
CYP707A3,ABA catabolism; 8'-hydroxylation of ABA,,5,AT5G45340,-,-,-,"Okamoto et al., 2009",High humidity induces abscisic acid 8'-hydroxylase in stomata and vasculature to regulate local and systemic abscisic acid responses in Arabidopsis,cyp707a3 mutant exhibited high ABA levels even after transferring to high-humidity conditions,19036833
OST2,plasma membrane proton ATPase,,2,AT2G18960,-,-,-,"Merlot et al., 2007",Constitutive activation of a plasma membrane H(+)-ATPase prevents abscisic acid-mediated stomatal closure,mutant: reduced ability to close stomata in response to drought; downregulated during drought,17557075
LHCB6,light harvesting chlorophyll a/b binding protein,,1,AT1G15820,-,-,-,"Xu et al., 2011",Light-harvesting chlorophyll a/b-binding proteins are required for stomatal response to abscisic acid in Arabidopsis,"mutant: reduced resposiveness to ABA-dependent stomatal movement, decreased drought tolerance; overexpression: stomatal sensitivity to ABA is enhanced",22143917
OSM1/SYP61,"osmotic stess-sensitive; related to mammalian syntaxin, SNARE family protein",,1,AT1G28490,-,-,-,"Zhu et al., 2002",OSM1/SYP61: a syntaxin protein in Arabidopsis controls abscisic acid-mediated and non-abscisic acid-mediated responses to abiotic stress,mutant: more prone to wilting; insensitive to ABA-induced stomata closing,12468724
ABO1/ELO1,"subunit of Elongator, a multifunctional complex with roles in transcription elongation, secretion and tRNA modification",,5,AT5G13680,-,-,-,"Chen et al., 2006","Mutations in ABO1/ELO2, a subunit of holo-Elongator, increase abscisic acid sensitivity and drought tolerance in Arabidopsis thaliana","abo1 = ABA overly sensitive, drought resistant phenotype, ABA-induced stomatal closing is enhanced",16943431
HYL1,hyponastic leaves 1; RNA binding protein that affects ABA and drought sensitivity,,1,AT1G09700,-,-,-,"Lu and Fedoroff, 2000","A mutation in the Arabidopsis HYL1 gene encoding a dsRNA binding protein affects responses to abscisic acid, auxin, and cytokinin",hyl1: ABA sensitivity altered,11148283
SAD1,"supersensitive to ABA and drought 1; put RNA binding protein, RNA processing and / or degradation",,5,AT5G48870,-,-,-,"Verslues et al., 2006","Mutation of SAD2, an importin beta-domain protein in Arabidopsis, alters abscisic acid sensitivity",sad1: ABA and drought oversensitivity; disturbed ABA biosynthesis,16889648
DOR,"drought tolerance repressor, F-box protein",,2,AT2G31470,-,-,-,"Zhang et al., 2008",F-box protein DOR functions as a novel inhibitory factor for abscisic acid-induced stomatal closure under drought stress in Arabidopsis,"preferentially expressed guard cells, suppressed by ABA treatment, ko: hypersensitive to ABA, drought tolerance",18835996
LOS5,molybdenum-cofactor sulfurase,,1,AT1G16540,-,-,-,"Xiong et al., 2001",The Arabidopsis LOS5/ABA3 locus encodes a molybdenum cofactor sulfurase and modulates cold stress- and osmotic stress-responsive gene expression,"knockout: drought susceptible, ABA deficient, increased water loss",11549764
GPA1,alpha subunit of heterotrimeric GTP-binding protein,,2,AT2G26300,-,-,-,"Pandey et al., 2009",Two novel GPCR-type G proteins are abscisic acid receptors in Arabidopsis,null mutant: ABA hypersensitivity; gpa1 stomata are hyposensitive to ABA in ABA inhibition of stomatal opening,19135895
ABH1/CBP80,subunit of mRNA cap-binding complex,,2,AT2G13540,-,-,-,"Hugouvieux et al., 2001","An mRNA cap binding protein, ABH1, modulates early abscisic acid signal transduction in Arabidopsis",mutant: stomatal aperture decreased,11525733
GCR1,putative G protein-coupled receptor,,1,AT1G48270,-,-,-,"Pandey and Assmann, 2004",The Arabidopsis putative G protein-coupled receptor GCR1 interacts with the G protein alpha subunit GPA1 and regulates abscisic acid signaling,mutant: hypersensitivity to ABA and drought tolerant,15155892
PEPCK,PEP carboxykinase,,4,AT4G37870,-,-,-,"Penfield et al., 2012",Expression and manipulation of phosphoenolpyruvate carboxykinase 1 identifies a role for malate metabolism in stomatal closure,isoform that is specifically expressed in GCs; knockout: reduced drought tolerance,22007864
AtrbohD,NADPH oxidase catalytical subunit,,5,AT5G47910,-,-,-,"Kwak  et al., 2003",NADPH oxidase AtrbohD and AtrbohF genes function in ROS-dependent ABA signaling in Arabidopsis,atrbohD/F double mutant: ABA induced stomatal closing is impaired,12773379
AtrbohF,NADPH oxidase catalytical subunit,,1,AT1G64060,-,-,-,"Kwak  et al., 2003",NADPH oxidase AtrbohD and AtrbohF genes function in ROS-dependent ABA signaling in Arabidopsis,atrbohD/F double mutant: ABA induced stomatal closing is impaired,12773379
GORK,outward K+ channel,,5,AT5G37500,-,-,-,"Hosy et al., 2003",The Arabidopsis outward K+ channel GORK is involved in regulation of stomatal movements and plant transpiration,disruption of GORK: stomatal closure is impaired; expression induced upon drought and ABA,12671068
KAT2,"K+ channel, inward rectifying",,4,AT4G18290,-,-,-,"Lebaudy et al., 2008",Plant adaptation to fluctuating environment and biomass production are strongly dependent on guard cell potassium channels.,plants expressing a dominant negative (domneg) kat2 construct in the kat2-1 knockout background display decreased transpirational water loss during the light period when compared with WT plants,18367672
SLAH3,guard cell S-type anion channel (SLAC1 homolog),,5,AT5G24030,-,-,-,"Geiger et al., 2011",Stomatal closure by fast abscisic acid signaling is mediated by the guard cell anion channel SLAH3 and the receptor RCAR1,S-type anion channels are direct targets of ABA signaling and lead to release of chloride and nitrate--> stomatal closure,21586729
SLAC1,slow anion channel 1,,1,AT1G12480,-,-,-,"Vahisalu et al., 2008",SLAC1 is required for plant guard cell S-type anion channel function in stomatal signalling,"slac1: higher stomatal conductance than wild type, increased water loss",18305484
CLCc,chloride channel,,5,AT5G49890,-,-,-,"Jossier et al., 2010","The Arabidopsis vacuolar anion transporter, AtCLCc, is involved in the regulation of stomatal movements and contributes to salt tolerance.","expressed guard cells, root an pollen; tonoplast; mutant: ABA dependent stomata closure impaired",20822503
PIP1;4,PIP,,4,AT4G00430,-,-,-,"Jang et al., 2007",Transgenic Arabidopsis and tobacco plants overexpressing an aquaporin respond differently to various abiotic stresses,overexpression: rapid water loss under dehydration stress,17522953
PIP2;5,PIP,,3,AT3G54820,-,-,-,"Jang et al., 2007",Transgenic Arabidopsis and tobacco plants overexpressing an aquaporin respond differently to various abiotic stresses,overexpression: rapid water loss under dehydration stress,17522953
HAB1,PP2C,,1,AT1G72770,-,-,-,"Robert et al., 2006",A hypermorphic mutation in the protein phosphatase 2C HAB1 strongly affects ABA signaling in Arabidopsis,mutant: ABA hypersensitive; hab1G246D mutant is unable to close their stomata to limit water loss in response to ABA synthesized during a drought stress,16876791
RGS1,regulator of G-protein signaling,,3,AT3G26090,-,-,-,"Chen et al., 2006",Overexpression of the regulator of G-protein signalling protein enhances ABA-mediated inhibition of root elongation and drought tolerance in Arabidopsis,overexpression: increased drought tolerance,16714312
AnnAt1,Annexin1,,1,AT1G35720,-,-,-,"Konopka-Postupolska et al., 2009",The role of annexin 1 in drought stress in Arabidopsis,upregulated upon abiotic stress; overexpression: more tolerant to drought,19482919
GolS1,"Galactinol Synthase, catalyzes the first step in the biosynthesis of Raffinose Family Oligosaccharides (RFOs) from UDP-galactose",,2,AT2G47180,-,-,-,"Taji et al., 2002",Important roles of drought- and cold-inducible genes for galactinol synthase in stress tolerance in Arabidopsis thaliana,expression induced by drought and high-salinity stress,11846875
GolS2,"Galactinol Synthase, catalyzes the first step in the biosynthesis of Raffinose Family Oligosaccharides (RFOs) from UDP-galactose",,1,AT1G56600,-,-,-,"Taji et al., 2002",Important roles of drought- and cold-inducible genes for galactinol synthase in stress tolerance in Arabidopsis thaliana,"Overexpression of AtGolS2 in transgenic Arabidopsis caused an increase in endogenous galactinol and raffinose, and showed reduced transpiration from leaves to improve drought tolerance",11846875
P5CS1,Pyrroline-5-Carboxylate Synthase; glutamtate --> proline,,2,AT2G39800,-,-,-,"Szekely et al., 2008",Duplicated P5CS genes of Arabidopsis play distinct roles in stress regulation and developmental control of proline biosynthesis,expression induced upon ABA; P5CS1 also plays a key role in drought-induced accumulation of proline,17971042
TPS1,trehalose-6-phosphate synthase,,1,AT1G78580,-,-,-,"Almeida et al., 2006",Responses to water withdrawal of tobacco plants genetically engineered with the AtTPS1 gene: a special reference to photosynthetic parameters,expression in tobacco: increased drought tolerance,-
APX2,"Ascorbate peroxidase 2, H2O2 scavenger",,1,AT1G07890,-,-,-,"Rossel et al., 2005",A mutation affecting ASCORBATE PEROXIDASE 2 gene expression reveals a link between responses to high light and drought tolerance,overexpressor (=alx8 = gain-of function): drought tolerant,17080642
GSTU17,glutathion s-transferase U17,,1,AT1G10370,-,-,-,"Chen et al., 2012",Drought and salt stress tolerance of an Arabidopsis glutathione S-transferase U17 knockout mutant are attributed to the combined effect of glutathione and abscisic acid,knockout: higher GSH and ABA; plants are more tolerant to drought,22095046
GPX3,glutathione peroxidase3,,2,AT2G43350,-,-,-,"Miao et al., 2006",An Arabidopsis glutathione peroxidase functions as both a redox transducer and a scavenger in abscisic acid and drought stress responses,mutant: higher water loss under drought; overexpressor: less sensitive to drought,16998070
ERD1,chloroplast-targeted Clp protease reg SU,,5,AT5G51070,-,-,-,"Tran et al., 2007",Co-expression of the stress-inducible zinc finger homeodomain ZFHD1 and NAC transcription factors enhances expression of the ERD1 gene in Arabidopsis,induction of ERD1 requires over-expression of both ZFHD1 and NAC; significantly improved drought tolerance,17233795
FAD8,fatty acid desaturase,,5,AT5G05580,-,-,-,"Zhang et al., 2005",Modulated fatty acid desaturation via overexpression of two distinct Ï‰-3 desaturases differentially alters tolerance to various abiotic stresses in transgenic tobacco cells and plants,overexpression in tobacco: increased drought tolerance,16236147
SQE1,squalene epoxidase1,,1,AT1G58440,-,-,-,"Pose et al., 2009",Identification of the Arabidopsis dry2/sqe1-5 mutant reveals a central role for sterols in drought tolerance and regulation of reactive oxygen species,knockout: hypersensitive to drought; altered production of ROS,19309460
ABCG22,ABC-transporter,,5,AT5G06530,-,-,-,"Kuromori et al., 2011","Arabidopsis mutants of AtABCG22, an ABC transporter gene, increase water transpiration and drought susceptibility",knockout: more susceptible to drought stress,21575091
CBF4,DREB family TF,,5,AT5G51990,-,-,-,"Haake et al., 2002",Transcription factor CBF4 is a regulator of drought adaptation in Arabidopsis,"up-regulated by drought stress, overexpressors are more tolerant to freezing and drought stress",12376631
DREB1A/CBF3,DREB family TF,,4,AT4G25480,-,-,-,"Kasuga et al., 2004",A combination of the Arabidopsis DREB1A gene and stress-inducible rd29A promoter improved drought- and low-temperature stress tolerance in tobacco by gene transfer,overexpression in tobacco: improved drought stress tolerance,15047884
DREB2A,transcription factor (dehydration responsive element binding),,5,AT5G05410,-,-,-,"Liu et al, 1998","Two transcription factors, DREB1 and DREB2, with an EREBP/AP2 DNA binding domain separate two cellular signal transduction pathways in drought- and low-temperature-responsive gene expression, respectively, in Arabidopsis",expression induced by dehydration,9707537
ABF3,ABA responsive element (ABRE) binding bZIP factor,,4,AT4G34000,-,-,-,"Kang et al., 2002",Arabidopsis basic leucine zipper proteins that mediate stress-responsive abscisic acid signaling,overexpression: enhanced drought tolerance,11884679
ABF4,ABA responsive element (ABRE) binding bZIP factor,,3,AT3G19290,-,-,-,"Kang et al., 2002",Arabidopsis basic leucine zipper proteins that mediate stress-responsive abscisic acid signaling,overexpression: enhanced drought tolerance,11884679
AREB1,"bZIP TF, ABRE binding",,1,AT1G45249,-,-,-,"Furihata et al., 2006",Abscisic acid-dependent multisite phosphorylation regulates the activity of a transcription activator AREB1,needs ABA-dependent phosphorylation for activation; phosphomimicking variant overexpressed: expression of ABA-inducible genes w/o ABA treatment,16446457
MYC2,transcriptional activator of ABA signaling,,1,AT1G32640,-,-,-,"Abe et al., 2003",Arabidopsis AtMYC2 (bHLH) and AtMYB2 (MYB) function as transcriptional activators in abscisic acid signaling,overexpressor: improved stress tolerance,12509522
MYB2,transcriptional activator of ABA signaling,,2,AT2G47190,-,-,-,"Abe et al., 2003",Arabidopsis AtMYC2 (bHLH) and AtMYB2 (MYB) function as transcriptional activators in abscisic acid signaling,overexpressor: improved stress tolerance,12509522
MYB60,R2R3-MYB,,1,AT1G08810,-,-,-,"Cominelli et al., 2005",A guard-cell-specific MYB transcription factor regulates stomatal movements and plant drought tolerance,expression downregulated under dehydration; guard cell-specifically expressed; knockout: water loss under drought is limited; enhanced drought tolerance,16005291
MYB61,R2R3-MYB,,1,AT1G09540,-,-,-,"Liang et al., 2005","AtMYB61, an R2R3-MYB transcription factor controlling stomatal aperture in Arabidopsis thaliana",specifically expressed guard cells; overexpression: decreased stomatal aperture,16005292
HARDY,AP2/ERF-like transcription factor,,2,AT2G36450,-,-,-,"Karaba et al., 2007","Improvement of water use efficiency in rice by expression of HARDY, an Arabidopsis drought and salt tolerance gene","AT gain-of-function: roots with enhanced strength, branching and cortical cells, drought resistance; overexpression in rice: drought tolerance",17881564
ADAP,"ARIA-interacting, AP2 domain",,1,AT1G16060,-,-,-,"Lee et al., 2009",An ARIA-interacting AP2 domain protein is a novel component of ABA signaling,pos. Regulator of ABA; ko seedlings: more sensitive to drought,19390821
AtNF-YB1,"plant transcription factor, nuclear factor Y family protein",,2,AT2G38880,-,-,-,"Nelson et al., 2007",Plant nuclear factor Y (NF-Y) B subunits confer drought tolerance and lead to improved corn yields on water-limited acres,increased expression level: improved performance under drought conditions,17923671
FHY3,"FAR-RED ELONGATED HYPOCOTYL3, key positive transcription factors in the phytochrome A pathway",,3,AT3G22170,-,-,-,"Tang et al., 2013",FAR-RED ELONGATED HYPOCOTYL3 and FAR-RED IMPAIRED RESPONSE1 transcription factors integrate light and abscisic acid signaling in Arabidopsis,"fhy3 and far1 mutants have wider stomata, lose water faster, and are more sensitive to drought than the wild type.",23946351
FAR1,"FAR-RED IMPAIRED RESPONSE1, key positive transcription factors in the phytochrome A pathway",,4,AT4G15090,-,-,-,"Tang et al., 2013",FAR-RED ELONGATED HYPOCOTYL3 and FAR-RED IMPAIRED RESPONSE1 transcription factors integrate light and abscisic acid signaling in Arabidopsis,"fhy3 and far1 mutants have wider stomata, lose water faster, and are more sensitive to drought than the wild type.",23946351
HSFA1b,Heat shock transcription factor,,5,AT5G16820,-,-,-,"Bechtold et al., 2013","Arabidopsis HEAT SHOCK TRANSCRIPTION FACTORA1b overexpression enhances water productivity, resistance to drought, and infection",increased HSFA1b expression showed increased water productivity and harvest index under water-replete and water-limiting conditions,23828547
AGO1,Argonaute1,,1,AT1G48410,-,-,-,"Li et al., 2012",Transcriptional regulation of Arabidopsis MIR168a and argonaute1 homeostasis in abscisic acid and abiotic stress responses,loss-of-function: enhanced drought tolerance,22247272
MIR168A,microRNA168,,-,-,-,-,-,"Li et al., 2012",Transcriptional regulation of Arabidopsis MIR168a and argonaute1 homeostasis in abscisic acid and abiotic stress responses,"overexpressor: ABA hypersensitive, enhanced drought tolerance",22247272
HDA6,histone deacetylase,,5,AT5G63110,-,-,-,"Chen and Wu, 2010",Role of histone deacetylases HDA6 and HDA19 in ABA and abiotic stress response,knockout: hypersensitive to salt and ABA,20930557
HDA19,histone deacetylase,,4,AT4G38130,-,-,-,"Chen and Wu, 2010",Role of histone deacetylases HDA6 and HDA19 in ABA and abiotic stress response,knockout: hypersensitive to salt and ABA,20930557
CAU1,H4R3sme2 (for histone H4 Arg 3 with symmetric dimethylation)-type histone methylase protein arginine methytransferase5/Shk1 binding protein1,,4,AT4G31120,-,-,-,"Fu et al., 2013",Arabidopsis histone methylase CAU1/PRMT5/SKB1 acts as an epigenetic suppressor of the calcium signaling gene CAS to mediate stomatal closure in response to extracellular calcium,cau1 mutant plants display increased drought tolerance and stomatal closure,23943859
HD2C,histone deacetylase,,5,AT5G03740,-,-,-,"Sridha et al., 2006",Identification of AtHD2C as a novel regulator of abscisic acid responses in Arabidopsis,expression repressed by ABA; overexpressor: reduced transpiration & enhanced tolerance to drought,16553900
AIRP1,C3H2C3-type RING E3 ubiquitin ligase,,4,AT4G23450,-,-,-,"Ryu et al., 2010",The Arabidopsis C3H2C3-type RING E3 ubiquitin ligase AtAIRP1 is a positive regulator of an abscisic acid-dependent response to drought stress,overexpressor: tolerant to severe drought stress,20884812
SRK2C,"SNF1-related protein kinase 2, osmotic-stress-activated protein kinase",,1,AT1G78290,-,-,-,"Umezawa et al., 2004","SRK2C, a SNF1-related protein kinase 2, improves drought tolerance by controlling stress-responsive gene expression in Arabidopsis thaliana",knockout: drought hypersensitivity in roots; overexpressor: higher drought tolerance,15561775
RPK1,LRR receptor like kinase,,1,AT1G69270,-,-,-,"Osakabe et al., 2005",Leucine-rich repeat receptor-like kinase1 is a key membrane-bound regulator of abscisic acid early signaling in Arabidopsis,upregulated by ABA; knockout: ABA insensitive phenotype,15772289
CPK21,calcium-dependent protein kinase,,4,AT4G04720,-,-,-,"Franz et al., 2011",Calcium-dependent protein kinase CPK21 functions in abiotic stress response in Arabidopsis thaliana,activated by hyperosmotic stress; cpk21 is more tolerant to hyperosmotic stress,20978086
CML9,calmodulin-like protein,,3,AT3G51920,-,-,-,"Magnan et al., 2008","Mutations in AtCML9, a calmodulin-like protein from Arabidopsis thaliana, alter plant responses to abiotic stress and abscisic acid",knockout: enhanced drought and salt tolerance,18643966
AVP1,vacuolar membrane H+-Pyrophosphatase,,1,AT1G15690,-,-,-,"Gaxiola et al., 2001",Drought- and salt-tolerant plants result from overexpression of the AVP1 H+-pump,overexpressor: more tolerant to drought and salt stress,11572991
AtATL78,RING E3 ubiquitin ligase,,1,AT1G49230,-,-,-,"Kim et al., 2013",Suppression of Arabidopsis RING E3 ubiquitin ligase AtATL78 increases tolerance to cold stress and decreases tolerance to drought stress,AtATL78 is a negative regulator of cold stress response and a positive regulator of drought stress response in Arabidopsis.,23831064
XERICO,"small protein, N-term- TM domain and RING-H2 zinc-finger motif",,2,AT2G04240,-,-,-,"Ko et al., 2006","Upregulation of an Arabidopsis RING-H2 gene, XERICO, confers drought tolerance through increased abscisic acid biosynthesis","gene expression induced by salt and osmotic stress, overexpressors: hypersensitive to salt and osmotic stress",16792696
ADR1,coiled-coil-nucleotide-binding site-LRR protein,,1,AT1G33560,-,-,-,"Chini et al., 2004","Drought tolerance established by enhanced expression of the CC-NBS-LRR gene, ADR1, requires salicylic acid, EDS1 and ABI1",overexpressor: enhanced drought tolerance,15144382
STZ,ZPT2-related protein,,1,AT1G27730,-,-,-,"Sakamoto et al., 2004","Arabidopsis Cys2/His2-type zinc-finger proteins function as transcription repressors under drought, cold, and high-salinity stress conditions",overexpressor: growth retardation and tolerance to drought stress,15333755
AnnAt4,Annexin4,,2,AT2G38750,-,-,-,"Huh et al., 2010",Arabidopsis annexins AnnAt1 and AnnAt4 interact with each other and regulate drought and salt stress responses,double mutant annAt1 annAt4: tolerance to drought,20656895
ERA1,farnesyltransferase,,5,AT5G40280,-,-,-,"Pei et al., 1998",Role of farnesyltransferase in ABA regulation of guard cell anion channels and plant water loss,mutant: reduction in transpirational water loss during drought,9765153
LEW1,"cis-prenyltransferase, involved in dolichol biosythesis",,1,AT1G11755,-,-,-,"Zhang et al., 2008",Dolichol biosynthesis and its effects on the unfolded protein response and abiotic stress resistance in Arabidopsis,mutant increased drought tolerance but hypersensitive to dark stress,18612099
GF14lambda,14-3-3 protein,,5,AT5G10450,-,-,-,"Yan et al., 2004","Overexpression of the Arabidopsis 14-3-3 protein GF14 lambda in cotton leads to a ""stay-green"" phenotype and improves stress tolerance under moderate drought conditions",expression cotton: stay green phenotype and enhanced drought tolerance,15356326
ALDH3I1,aldehyde dehydrogenase,,4,AT4G34240,-,-,-,"Sunkar et al., 2003",Overexpression of a stress-inducible aldehyde dehydrogenase gene from Arabidopsis thaliana in transgenic plants improves stress tolerance,overexpression: improved tolerance to dehydration,12904208
CBL1,calcineurin B-like protein,,4,AT4G17645,-,-,-,"Cheong et al., 2003","CBL1, a calcium sensor that differentially regulates salt, drought, and cold responses in Arabidopsis",overexpression: enhanced tolerance to salt and drought,12897256
NHO1,glycerol kinase,,1,AT1G80460,-,-,-,"Eastmond, 2004","Glycerol-insensitive Arabidopsis mutants: gli1 seedlings lack glycerol kinase, accumulate glycerol and are more resistant to abiotic stress",mutant: gli1 = glycerol-insensitive1: dehydration resistance,14756771
PARP1,poly(ADP-ribose) polymerase,,2,AT2G31320,-,-,-,"Block et al., 2005","Poly(ADP-ribose) polymerase in plants affects energy homeostasis, cell death and stress tolerance",downregulation: enhanced stress tolerance,15610352
PARP2,poly(ADP-ribose) polymerase,,4,AT4G02390,-,-,-,"Block et al., 2005","Poly(ADP-ribose) polymerase in plants affects energy homeostasis, cell death and stress tolerance",downregulation: enhanced stress tolerance,15610352
DHAR2,dehydroascorbate reductase,,1,AT1G75270,-,-,-,"Eltayeb et al., 2006",Enhanced tolerance to ozone and drought stresses in transgenic tobacco overexpressing dehydroascorbate reductase in cytosol,"expression in tobacco: enhanced tolerance to ozone, drought, salt and PEG",-
