Gene symbol,Gene name,Synonyms,Chromosome,Original Identifier,NCBI Identifier/Gene ID,NCBI_Locus tag,Reference,Reference_title,Description,PMID
ZmLBD2, LBD-transcription factor 2 ,"rtcs1, rootless concerning crown and seminal roots1, Zm_RTCS, LOB23, GRMZM2G092542",1S,Zm00001eb003920,100101548,ZEAMMB73_Zm00001d027679,"Jiao, P et al. 2022.",ZmLBD2 a maize (Zea mays L.) lateral organ boundaries domain (LBD) transcription factor enhances drought tolerance in transgenic Arabidopsis thaliana,root system reduced solely to a primary root yet plants can be carried to seed; cyclin cDNAs absent; naphthalene acetic acid induces adventitious roots,36311096
ZmVPP1,vacuolar-type H+-pyrophosphatase5,"vpp5, vacuolar proton pump5, GRMZM2G170927",9L,Zm00001eb387010,100280334,ZEAMMB73_Zm00001d046591,"Wang, X et al. 2016., Chen, Shan, et al. 2023",Genetic variation in ZmVPP1 contributes to drought tolerance in maize seedlings,"variants affect drought tolerance, encoding a vacuolar-type H+ pyrophosphatase",27526320
 ZmAGO18b,argonaute18b,"ago18b, cl909_1, cl909_1(82), rs128929565, rs131877871, GRMZM2G457370",1L,Zm00001eb050240 ,100279313,ZEAMMB73_Zm00001d033206,"Zhai, LH et al. 2019.",Expression analysis of Argonaute genes in maize (Zea mays L.) in response to abiotic stress,mutant affects length of central tassel branch,31367213
ZmNAC20,NAC-transcription factor 28,"nactf28, nac28, putative NAC domain transcription factor superfamily protein, GRMZM2G033014",7S,Zm00001eb299030,100273444,ZEAMMB73_Zm00001d018702,"Liu, Hui, et al. 2023",Transcription factor ZmNAC20 improves drought resistance by promoting stomatal closure and activating expression of stress-responsive genes in maize.,"encoding a NAM, ATAF, and CUC (NAC)-type transcription factor",36902144
ZmNAC111,NAC-transcription factor 111,"nactf111, nac111, NAC domain containing protein 44, ZmNAC114, IDP8617, GRMZM2G450445",2S,Zm00001eb079630,100280364,ZEAMMB73_Zm00001d003293,"Liu, Shengxue, et al. 2022",Co-Expression of ZmVPP1 with ZmNAC111 Confers Robust Drought Resistance in Maize,"encoding a NAM, ATAF, and CUC (NAC)-type transcription factor",36672748
ZmPP2C58,protein phosphatase homolog12,"prh12, ZmPP2C-A10, ZmPP2C61, ZmPP2C74, 2C-type protein phosphatase protein, PP2C4 2C-type protein phosphatase protein, PZA01468, ZmOrphan249, ZmPP107, ZmPP2C4, ZmPP2C58, pco092707(520), PHM2108, GRMZM2G177386",6L,Zm00001eb294200,100381549,ZEAMMB73_Zm00001d038846,Yunyun Pang et al. 2024.,Identification of the Maize PP2C Gene Family and Functional Studies on the Role of ZmPP2C15 in Drought Tolerance,"PP2C, a negative regulator of protein kinase cascades that are activated as a result of stress. Protein phosphatase 2C is a Mn++ or Mg++ dependent protein serine/threonine phosphatase.",38337873
ZmPP2C15,putative protein phosphatase 2C 16,"prh16, ZmPP2C25, putative protein phosphatase 2C, ZmPP2C13, umc1165, ZmOrphan130, ZmPP26, GRMZM2G056572",2S,Zm00001eb067610,100192535,ZEAMMB73_Zm00001d001988,Yunyun Pang et al. 2024.,Identification of the Maize PP2C Gene Family and Functional Studies on the Role of ZmPP2C15 in Drought Tolerance,The protein phosphatase PP2C plays an important role in plant responses to stress,38337873
ZmTIP1,tonoplast intrinsic protein1,tip1; TIP1-1; ,1S,Zm00001eb003730,541675,ZEAMMB73_Zm00001d027652,"Zhang, Xiaomin, et al.2020",Genetic variation in ZmTIP1 contributes to root hair elongation and drought tolerance in maize.,"Aquaporin TIP1-1, Water channel required to facilitate the transport of water across cell membrane. May support the rapid influx of water into vacuoles during cell expansion, permit osmotic equilibration between the cytosol and the vacuolar content and rapid transcellular water flow through living cells. Its function is impaired by Hg2+.",31692165
ZmGRXCC14,glutaredoxin14,"grx14, grx_I1-glutaredoxin subgroup III, monothiol glutaredoxin-S9, ZmGRXS9, GRMZM2G318180",6L,Zm00001eb295860,103630730,ZEAMMB73_Zm00001d039011,"Ding, SC et al. 2019.",Identification of maize CC-type glutaredoxins that are associated with response to drought stress,"The flow of reducing equivalents in the GRX system goes from NADPH ->GSH reductase ->GSH ->GRX ->protein substrates. By altering the redox state of target proteins, GRX is involved in many cellular functions including DNA synthesis, signal transduction and the defense against oxidative stress.",31409044
ZmNF-YC12,Nuclear factor-Y subunit C 12,"CCAAT-HAP5-transcription factor 53, ca5p3, ZmNF-YC4, ca5p16, nuclear transcription factor Y subunit C-2, qPH7, ZmNF-YC10, magi42672, TIDP3758, GRMZM2G161680",6L,Zm00001eb274340,100283252,ZEAMMB73_Zm00001d036648,"Cao, LR et al. 2023. ",Genome-wide identification of NF-Y gene family in maize (Zea mays L.) and the positive role of ZmNF-YC12 in drought resistance and recovery ability,"Nuclear factor Y (NF-Y) genes play important roles in many biological processes, such as leaf growth, nitrogen nutrition, and drought resistance.",37265635
ZmABF4,bZIP-transcription factor 49,"bzip49, ABSCISIC ACID-INSENSITIVE 5-like protein 5 (per NCBI), bZIP transcription factor TRAB1 (per NCBI), TF3, GRMZM2G478417",1L,Zm00001eb038010 ,103643147,ZEAMMB73_Zm00001d031790,"Tian, T et al. 2023", Genome assembly and genetic dissection of a prominent drought-resistant maize germplasm.,found to be substantially associated with the gene expression and plant drought resistance,36806841
ZmNAC075,NAC-transcription factor 47,"nact47, nac47, NAC domain-containing protein 75 (per NCBI), ZmNAC58, GRMZM2G112681",8S,Zm00001eb337530,103634916,ZEAMMB73_Zm00001d008817,"Tian, T et al. 2023", Genome assembly and genetic dissection of a prominent drought-resistant maize germplasm.,expression is correlated with drought tolerance,36806841
ZmRtn16 ,reticulon-like protein B16,seed maturation protein ,9L,Zm00001eb395080 ,100283018,-,"Tian, T et al. 2023", Genome assembly and genetic dissection of a prominent drought-resistant maize germplasm.,"found to contribute to drought resistance by facilitating the vacuole H+-ATPase activity, which highlights the role of vacuole proton pumps in maize drought resistance",36806841
ZmOSCA2.4,hyperosmolality-gated calcium-permeable channels9,"osca9, CSC1-like protein HYP1",1L,Zm00001eb030220,103640492,-,"Cao, LR et al. 2019.",Systematic analysis of the maize osca genes revealing ZmOSCA family members involved in osmotic stress and ZmOSCA2.4 confers enhanced drought tolerance in transgenic Arabidopsis.,"encodes a class II OSCA, over-expression in Arabidopsis remarkably improved drought resistance",31948071
ZmNST3,NAC-transcription factor 21,"nact21, nac21, NAC domain-containing protein 43 (per NCBI), NAC transcriptional factor3, ZmNAC46",6L,Zm00001eb269810,103629433,-,"Ren, ZZ et al. 2020.",Functions and regulatory framework of ZmNST3 in maize under lodging and drought stress,"ZmNST3, enhances maize lodging resistance and drought stress tolerance. ZmNST3 affected the expression of genes related to the synthesis of antioxidant enzyme secondary metabolites that could enhance drought resistance.",32562291
ZmHDZ9,putative homeobox DNA-binding and leucine zipper domain family protein ,"hb128, Homeobox-transcription factor 128",7L,Zm00001eb319390,100502166,-," Jiao, P et al. 2023.","Zmhdz9, an HD-Zip transcription factor, promotes drought stress resistance in maize by modulating ABA and lignin accumulation",Overexpression of Zmhdz9 improved maize drought resistance. Regulation of ABA and lignin by Zmhdz9 is essential for drought stress resistance in maize.,38113999
ZmPMP3g,plasma membrane proteolipid 3,"nac1, NaCl stress protein1, hydrophobic protein RCI2B, hydrophobic protein LTI6B, PMP3, plasma membrane protein 3 ",10L,Zm00001eb417550,100135422,-," Lei, L et al. 2023.",Characterization of ZmPMP3g function in drought tolerance of maize.,"over-expression leads to enhanced drought tolerance; increased total root length, activition of superoxide dismutase and catalase, and leaf water content; and decreases in leaf water potential, levels of O2−·and H2O2 ",37147346
ZmRL6,radialis homolog1,"rl1, putative MYB DNA-binding domain superfamily protein (per NCBI)",6L,Zm00001eb296840,100281018,-," Zhang, PY et al. 2023.",Molecular mechanism analysis of ZmRL6 positively regulating drought stress tolerance in maize.,"overexpression of ZmRL6 can enhance drought tolerance. A 1R-MYB gene, ZmRL6, encodes a 96-amino acid protein and is highly drought-inducible.",37971599
ZmEREBP60 ,AP2-EREBP-transcription factor 60,ereb60,1L,Zm00001eb041070,100384337,-,"Zhu, Yeqing, et al. 2022",Overexpression of ZmEREBP60 enhances drought tolerance in maize.,"ZmEREBP60 expression was highly induced by drought in the roots, coleoptiles, and leaves. Overexpression of ZmEREBP60 enhanced tolerance to drought stress while alleviating the drought-induced increase in H2O2 accumulation and malondialdehyde content in transgenic lines.",35839657
ZmSnRK2.9,SnRK2 serine threonine protein kinase9,"snrkII9, putative snRK/SAPK family protein kinase , SnRK2.9, ZmSnRK2.2, GRMZM2G081915",1L,Zm00001eb051510,"100191280 (from sequence in BAC AC208970.1 (Huai et al., 2008))",ZEAMMB73_Zm00001d033339,Zhenwei Yan et al. 2024. ,The ZmbHLH47-ZmSnRK2.9 Module Promotes Drought Tolerance in Maize,ZmSnRK2.9-overexpressing plants exhibited enhanced ABA sensitivity and drought tolerance,38732175
ZmbHLH47, bHLH-transcription factor 47,"bhlh187, ZmbHLH187, transcription factor bHLH187, pco136360, GRMZM2G133675",4S,Zm00001eb167310,100272601,ZEAMMB73_Zm00001d048901 ,Zhenwei Yan et al. 2024. ,The ZmbHLH47-ZmSnRK2.9 Module Promotes Drought Tolerance in Maize,"ZmbHLH47, a basic helix–loop–helix (bHLH) transcription factor, is a positive regulator of drought tolerance in maize. Transgenic plants overexpressing ZmbHLH47 displayed elevated drought tolerance and ABA responsiveness.",38732175
ZmADF5-1,actin depolymerizing factor5,"adf5, pco091760, GRMZM2G077942",1S,Zm00001eb010370,100381350,ZEAMMB73_Zm00001d028392,"Liu, BJ et al. 2024.","ZmADF5, a Maize Actin-Depolymerizing Factor Conferring Enhanced Drought Tolerance in Maize","ZmADF5 overexpression in Arabidopsis and maize helped plants to keep a higher survival rate after water-deficit stress, which reduced the stomatal aperture and the water-loss rate, as well as improved clearance of reactive oxygen species. ZmADF5-overexpressing plants were also identified as sensitive to ABA during the seed germination and seedling stages. ",38475468
ZmADF5-2,actin depolymerizing factor8,"adf8, GRMZM2G147775",9L,Zm00001eb398870 ,100280108,ZEAMMB73_Zm00001d047942,"Liu, BJ et al. 2024.","ZmADF5, a Maize Actin-Depolymerizing Factor Conferring Enhanced Drought Tolerance in Maize","ZmADF5 overexpression in Arabidopsis and maize helped plants to keep a higher survival rate after water-deficit stress, which reduced the stomatal aperture and the water-loss rate, as well as improved clearance of reactive oxygen species. ZmADF5-overexpressing plants were also identified as sensitive to ABA during the seed germination and seedling stages. ",38475468
ZmSRG7,-,umc2572,7S,Zm00001eb307340,100274612,ZEAMMB73_Zm00001d019704,"Wei, XT et al. 2022.",Overexpression of ZmSRG7 Improves Drought and Salt Tolerance in Maize (Zea mays L.),ZmSRG7 gene played its biological function by regulating the ROS signaling pathway. It can improve maize tolerance to drought or salt by regulating hydrogen peroxide homeostasis.,36362140
ZmMYB39,myb transcription factor39,"myb39, R2R3-MYB transcription factor, GRMZM2G127857",4L,Zm00001eb185160,100101512,ZEAMMB73_Zm00001d051149," Ren, ZZ et al. 2024. ",Regulatory mechanisms used by ZmMYB39 to enhance drought tolerance in maize (Zea mays) seedlings.,"ZmMYB39 positively regulates drought stress tolerance in maize. ZmMYB39 enhanced drought tolerance by interacting with and promoting the expression of ZmFNR1, ZmHSP20, and ZmDOF6. ZmMYB39 promotes four downstream target genes (ZmRD22B, ZmDREB2A, ZmP5CS1 and ZmFNR1) expression for positively regulating drought tolerance in maize.",38705046
ZmHsf28,HSF-transcription factor 27,"hsftf27, IDP7243, GRMZM2G025685, TIDP3183",7L,Zm00001eb328900,100277279,ZEAMMB73_Zm00001d022295,"Liu, Lijun, et al.2023",Maize Transcription Factor ZmHsf28 Positively Regulates Plant Drought Tolerance.,Overexpression of ZmHsf28 diminished drought effects in Arabidopsis and maize. ZmHsf28 exhibited inducible gene expression in response to drought and other abiotic stresses. ,37175787
ZmNAC49,NAC-transcription factor 71,"nac71, GRMZM2G099144, protein BEARSKIN, ZmNAC071",2S,Zm00001eb082040,103646413,ZEAMMB73_Zm00001d003583,"Xiang, Yang, et al. 2021",The transcription factor ZmNAC49 reduces stomatal density and improves drought tolerance in maize.,"Overexpression also significant decreases the transpiration rate, stomatal conductance, and stomatal density in maize. Detailed study showed that ZmNAC49 overexpression affects the expression of genes related to stomatal development, namely ZmTMM, ZmSDD1, ZmMUTE, and ZmFAMA. Transcription factor ZmNAC49 represses ZmMUTE expression, reduces stomatal density, and thereby enhances drought tolerance in maize.",33130877
ZmNBR1,next to brca1a-like,"nbr1a, NBR1-like protein, GRMZM2G092447",5L,Zm00001eb245950,100275089,ZEAMMB73_Zm00001d017072,"Xiang, Y et al. 2024.",Autophagy receptor ZmNBR1 promotes the autophagic degradation of ZmBRI1a and enhances drought tolerance in maize.,"ZmNBR1 overexpression enhanced drought tolerance. ZmNBR1 regulates the expression of autophagy-related genes, thereby increasing autophagic activity and promoting the autophagic degradation of ZmBRI1a under drought stress, thus enhancing drought tolerance in maize.",38607264
ZmMYB12,MYB-transcription factor 12,"myb12, MTB15, IDP8500, GRMZM2G104789",5S,Zm00001eb213800,541755,ZEAMMB73_Zm00001d013164,"Wang, LP et al. 2024. ",Functional identification of maize transcription factor ZmMYB12 to enhance drought resistance and low phosphorus tolerance in plants.,"Overexpression of ZmMYB12 in Arabidopsis thaliana resulted in less ROS accumulation and more lateral roots than WT, thus elevating drought resistance. ZmMYB12 positively regulates drought response and increases the uptake and utilization of phosphorus in plants.",-
ZmMFS_1-62,major facilitator superfamily (MFS) transporter,"transporter of mugineic acid2, ZmVMT1, vacuolar mugineic acid transporter1, tom2, GRMZM2G336448, carbohydrate transporter/ sugar porter/ transporter",4L,Zm00001eb196180 ,100191783,ZEAMMB73_Zm00001d052435, Xiaowan Hou et al. 2024.,"Two maize homologs of mammalian proton-coupled folate transporter, ZmMFS_1-62 and ZmMFS_1-73, are essential to salt and drought tolerance.",interaction with HSP20 may maintain their stability and function under drought and salt stresses,38626656
ZmWRKY106 ,putative WRKY DNA-binding domain superfamily protein,"wrky111, ZmWRKY105, GRMZM2G013391",8L,Zm00001eb370960 ,100502167,ZEAMMB73_Zm00001d012746," Wang, C-T et al. 2018.",Maize WRKY transcription factor ZmWRKY106 confers drought and heat tolerance in transgenic plants,"Overexpression of ZmWRKY106 improved the tolerance to drought and heat in transgenic Arabidopsis by regulating stress-related genes through the ABA-signaling pathway, and the reactive oxygen species (ROS) content in transgenic lines was reduced by enhancing the activities of superoxide dismutase (SOD), peroxide dismutase (POD), and catalase (CAT) under drought stress. ",30301220
ZmMYB-CC10,MYB-CC type transfactor,"glk7, G2-like-transcription factor 7, GRMZM2G173943",7L,Zm00001eb309370 ,100286254,ZEAMMB73_Zm00001d020020," Zhang, GF et al. 2022.",The transcription factor ZmMYB-CC10 improves drought tolerance by activating ZmAPX4 expression in maize,ZmMYB-CC10 enhanced drought tolerance by reducing oxidative damage in maize. ZmMYB-CC10 improves the activity of APX and decreases the content of H2O2. Overexpression of ZmMYB-CC10 increases the expression of ZmAPX4 under drought stress.ZmMYB-CC10 in maize could decrease the MDA and the percentage of electrolyte leakage under drought stress.,35279440
ZmDof22,Cyclic dof factor 2,"dof4, C2C2-Dof-transcription factor 4",3L,Zm00001eb157100,100381571,ZEAMMB73_Zm00001d043904," Cao, LR et al. 2024.",Transcription factor ZmDof22 enhances drought tolerance by regulating stomatal movement and antioxidant enzymes activities in maize (Zea mays L.).,"ZmDof22, improves maize drought tolerance and recovery ability,  by promoting stomatal closure, reduces water loss, and enhances antioxidant enzyme activity by participating in the ABA pathways.",38750241
ZmNF-YA1 ,nuclear transcription factor y subunit a1,"nfya1, ca2p11 - CCAAT-HAP2-transcription factor 211, NF-YA1 nuclear transcription factor Y subunit A-3, GRMZM2G000686",1S,Zm00001eb005690,100194365,ZEAMMB73_Zm00001d027874," Yang, YL et al. 2022.",Transcription factors ZmNF-YA1 and ZmNF-YB16 regulate plant growth and drought tolerance in maize,"ZmNF-YA1 is a positive regulator of plant drought and salt stress responses and is involved in the root development of maize. ZmNF-YA1-mediated transcriptional regulation, especially in JA signaling, histone modification, and chromatin remodeling",35861438
ZmNF-YB16 ,nuclear transcription factor Y subunit B-3,"ca3p4, CCAAT-HAP3-transcription factor 34, GRMZM2G384528 ",7L,Zm00001eb327140,100281337,ZEAMMB73_Zm00001d022099," Yang, YL et al. 2022.",Transcription factors ZmNF-YA1 and ZmNF-YB16 regulate plant growth and drought tolerance in maize,"Overexpression allows for a higher rate of photosynthesis and antioxidant enzyme activity, better membrane stability and lower electrolyte leakage under control and drought stress conditions",35861438
ZmTIFY16,conserved core motif TIF[F/Y]XG) protein,"ZmJAZ11, ZmJAZ12, zim12, ZIM-transcription factor 12, TIFY16, GRMZM2G101769",2L,Zm00001eb109190,100282471,ZEAMMB73_Zm00001d006860," Zhang, C et al. 2023. ","ZmTIFY16, a novel maize TIFY transcription factor gene, promotes root growth and development and enhances drought and salt tolerance in Arabidopsis and Zea mays"," Its heterologous expression in Arabidopsis markedly improved drought and salt tolerance, increased chlorophyll and proline contents, enhanced superoxide dismutase activity, and decreased malondialdehyde content. ZmTIFY16 interacted with ZmMYC2, an essential regulator of the jasmonic acid signaling pathway, promoted root growth, and improved salt tolerance in overexpressing maize lines.",-
ZmTIP2;3,tonoplast intrinsic protein2,"por2, porin2, tip5, tonoplast membrane integral protein ZmTIP2-3, GRMZM2G125023",10L,Zm00001eb429750,541687,ZEAMMB73_Zm00001d026177, Deyin Wang et al. 2024.,Aquaporin ZmTIP2;3 Promotes Drought Resistance of Maize through Symbiosis with Arbuscular Mycorrhizal Fungi,ZmTIP2;3 promoted drought resistance during AM fungi symbiosis in maize.,38673792
ZmPRX1,Class III peroxidase,"pox1, guaiacol peroxidase1, ZmPRX36, PER1, GRMZM2G104394",3S,Zm00001eb130940,542029,ZEAMMB73_Zm00001d040702,Xiuzhen Zhai et al. 2024. ,Overexpression of the peroxidase gene ZmPRX1 increases maize seedling drought tolerance by promoting root development and lignification,Overexpression resulted in higher root lignin accumulation and seedling survival rate during drought stress ,-
ZmPTF1,phosphate starvation-induced transcription factor 1,"ZmbHLH194, bHLH transcription factor PTF1, bhlh171, GRMZM2G024530",9S,Zm00001eb374120,732777,ZEAMMB73_Zm00001d045046,"Li, ZX et al. 2019. ",The bHLH family member ZmPTF1 regulates drought tolerance in maize by promoting root development and abscisic acid synthesis,"ZmPTF1, a phosphate starvation-induced basic helix-loop-helix (bHLH) transcription factor (TF), contributes to root development and low-phosphate tolerance in maize. ZmPTF1 was found to be a positive regulator of root development, ABA synthesis, signalling pathways and drought tolerance. ",31267122
ZmMYB56, MYB-transcription factor 56,"myb56, MYB48, MYB59, GRMZM2G130149",1L,Zm00001eb028820,100194394,ZEAMMB73_Zm00001d030678,"Li, BZ et al. 2024.",ZmMYB56 Regulates Stomatal Closure and Drought Tolerance in Maize Seedlings by Regulating ZmTOM7 Expression at the Transcriptional Level,identified to play important roles in regulating stomatal closure and drought tolerance.,-
ZmTOM7,transporter of mugineic acid7,"ZmMFS_1-34, carbohydrate transporter/ sugar porter/ transporter (per NCBI), GRMZM2G115658",2L,Zm00001eb093440,100192005,ZEAMMB73_Zm00001d005002,"Li, BZ et al. 2024.",ZmMYB56 Regulates Stomatal Closure and Drought Tolerance in Maize Seedlings by Regulating ZmTOM7 Expression at the Transcriptional Level,ZmTOM7 operates as a positive regulator of stomatal closure and plant drought tolerance,-
ZmXTH30 ,xyloglucan endotransglucosylase/hydrolase30 ,"xyloglucan endotransglucosylase/hydrolase protein 32 (per NCBI), GRMZM2G113761",1S,Zm00001eb022710,100282047,ZEAMMB73_Zm00001d029814,Weichao Fu et al. 2024. ,Genome-wide identification and characterization of xyloglucan endotransglucosylase/hydrolase gene family in maize (Zea mays L.) and the function of ZmXTH30 in response to drought stress,in transgenic Arabidopsis thaliana improved seedling growth under drought stress by reducing reactive oxygen species and enhancing antioxidant enzyme activity,-
ZmWRKY30 ,WRKY transcription factor 30,"ZmWRKY009, putative WRKY transcription factor 57 (per NCBI), GRMZM2G143204",1L,Zm00001eb057820,100191170,ZEAMMB73_Zm00001d034073,"Gu, L et al. 2024.",ZmWRKY30 modulates drought tolerance in maize by influencing myo-inositol and reactive oxygen species homeostasis.,"Arabidopsis lines overexpressing ZmWRKY30 exhibited a significantly enhanced drought stress tolerance, as evidenced by the improved survival rate, increased antioxidant enzyme activity by superoxide dismutase (SOD), peroxidase (POD), and catalase (CAT), elevated proline content, and reduced lipid peroxidation recorded after drought stress treatment. ZmWRKY30 positively regulates maize responses to water scarcity.",38945803
ZmPIP2;4,plasma membrane intrinsic protein2,"pip2d, aquaporin PIP2.2, PIP 2.4, GRMZM2G154628",5L,Zm00001eb247760 ,541890,ZEAMMB73_Zm00001d017288,Ying Ni et al. 2024.,Aquaporin ZmPIP2;4 promotes tolerance to drought during arbuscular mycorrhizal fungi symbiosis,"The biomass, colonization rate, relative water content (RWC), photosynthesis, POD and SOD activities, proline content, and the expression of other drought-related genes P5CS4, NECD1, and LEA3 of ZmPIP2;4-OE L. japonicus plants were higher than those of WT.",-
ZmSnRK2.2,SnRK2 serine threonine protein kinase2,"snrkII2, ZmSnRK2.11, GRMZM2G056732",7L,Zm00001eb327780,100192497,ZEAMMB73_Zm00001d022179,Yalin Wang et al. 2024.,Phosphorylation of ZmAL14 by ZmSnRK2.2 regulates drought resistance through derepressing ZmROP8 expression.," ZmSnRK2.2 is a positive regulator of drought resistance, which phosphorylates ZmAL14, thus preventing ZmAL14's suppression on ZmROP8 transcription during drought stress response. An abscisic acid (ABA)-activated protein kinase ZmSnRK2.2 interacts and phosphorylates alf9 (ZmAL14) at T38 residue.",38804844
ZmCPK17,calcium dependent protein kinase17,"ZmCDPK17, cdpk31, CPK21, non-specific serine/threonine protein kinase, GRMZM2G463464",3L,Zm00001eb139060,100381559,ZEAMMB73_Zm00001d041871,Xiaoying Hu et al. 2024. ,Ca2+-independent ZmCPK2 is inhibited by Ca2+-dependent ZmCPK17 during drought response in maize.,ZmCPK17 is a positive regulator for drought resistance. It works by phosphorylating and reducing the nuclear localization of ZmCPK2 (negative regulator of drought resistance) through phosphorylating ZmCPK2T60.,38751035
ZmMGL3,lea protein group3,"mlg3, MGL3 (per NCBI), ZmLEA3-1 (per Liu, Y), ZmLEA3-3, GRMZM2G096475 ",6L,Zm00001eb294480,542216,ZEAMMB73_Zm00001d038870,"Liu, JQ et al. 2024.",Overexpression of the late embryonic genesis abundant protein MGL3 improves the drought tolerance of maize (Zea mays L.),"over-expression under drought stress (10% polyethylene glycol 6000), plants showed improved germination rate, seed vigor, radicle length, root length at the seedling stage, and wilting degree after drought and rewatering compared to the wild-type plants; also accumulated more catalase, superoxide dismutase, peroxidase, hydrogen peroxide, and superoxide radicals",-
ZmSUS1,sucrose synthase1,"sus1, sucrose synthase 2, sucrose synthase 4, gsy67(sus2) (per INRA France), Sus4a, SuSy 1, css1, ss2,  GRMZM2G152908",9L,Zm00001eb392880,542247,ZEAMMB73_Zm00001d047253,"Xiao, N et al. 2024. ",Overexpression of ZmSUS1 increased drought resistance of maize (Zea mays L.) by regulating sucrose metabolism and soluble sugar content.,over-expression improved drought tolerance by regulating sucrose metabolism and increasing soluble sugar content and endowing a higher relative water content and photosynthesis levels,38277077
ZmE2F6,E2F-DP-transcription factor 26,"Transcription factor-like protein DPB, GRMZM2G063387",9L,Zm00001eb403140 ,100383020,ZEAMMB73_Zm00001d048412,"Cao, Y et al. 2024. ",Comprehensive identification of maize ZmE2F transcription factors and the positive role of ZmE2F6 in response to drought stress,"The overexpression of ZmE2F6 enhanced drought tolerance in transgenic Arabidopsis with longer root length, higher survival rate, and biomass by upregulating stress-related gene transcription. interacted with ZmPP2C26, localized in the nucleus, and responded to drought treatment.",38741087
ZmNAP,NAC-transcription factor 122,"nactf122, nac122, Zma1158 (per NCBI), ZmNAC110, ZmNAC89, GRMZM2G430849",7L,Zm00001eb330850,100285247,ZEAMMB73_Zm00001d022424,Ning Ding et al. 2023.,Transcriptome analysis in contrasting maize inbred lines and functional analysis of five maize NAC genes under drought stress treatment.,"Overexpression of ZmNAP, ZmNAC19, ZmNAC4, ZmJUB1, and ZmNAC87 enhanced drought stress tolerance in transgenic Arabidopsis",36743547
ZmNAC19,NAC-transcription factor 60,"nactf60, NAC1, pco133091 (per NCBI), nac60, Zma006493, ZmNAC050436, GRMZM2G336533",5S,Zm00001eb212120,100273092 (in v3 only aligned with this locus; in v4 also aligns with nactf6),ZEAMMB73_Zm00001d013003,Ning Ding et al. 2023.,Transcriptome analysis in contrasting maize inbred lines and functional analysis of five maize NAC genes under drought stress treatment.,"Overexpression of ZmNAP, ZmNAC19, ZmNAC4, ZmJUB1, and ZmNAC87 enhanced drought stress tolerance in transgenic Arabidopsis",36743547
ZmNAC4,NAC-transcription factor 23,"nactf23, ZmNAC36, TF19, nac23, Zma001259, ZmSNAC13, IDP275, GRMZM2G068973",8L,Zm00001eb369060,100381829,ZEAMMB73_Zm00001d012527,Ning Ding et al. 2023.,Transcriptome analysis in contrasting maize inbred lines and functional analysis of five maize NAC genes under drought stress treatment.,"Overexpression of ZmNAP, ZmNAC19, ZmNAC4, ZmJUB1, and ZmNAC87 enhanced drought stress tolerance in transgenic Arabidopsis",36743547
ZmNAC87,NAC-transcription factor 2,"nactf2, nac2, NAC domain-containing protein 21/22 (per NCBI), ZmNAC2, ZmNAC95, GRMZM2G181605 ",7L,Zm00001eb330910,107403159,ZEAMMB73_Zm00001d022517,Ning Ding et al. 2023.,Transcriptome analysis in contrasting maize inbred lines and functional analysis of five maize NAC genes under drought stress treatment.,"Overexpression of ZmNAP, ZmNAC19, ZmNAC4, ZmJUB1, and ZmNAC87 enhanced drought stress tolerance in transgenic Arabidopsis",36743547
ZmJUB1,NAC-transcription factor 71,"nactf7, nac7, ZmNAC80, JUNGBRUNNEN 1 (JUB1), NAC DOMAIN CONTAINING PROTEIN 42 (NAC042), GRMZM2G163251 ",1L,Zm00001eb059350,100280103,ZEAMMB73_Zm00001d034277,Ning Ding et al. 2023.,Transcriptome analysis in contrasting maize inbred lines and functional analysis of five maize NAC genes under drought stress treatment.,"Overexpression of ZmNAP, ZmNAC19, ZmNAC4, ZmJUB1, and ZmNAC87 enhanced drought stress tolerance in transgenic Arabidopsis",36743547
ZmRAFS,raffinose synthase1,"rafs1, ZmRS, mmp186, GRMZM2G150906",3S,Zm00001eb122980,100281190,ZEAMMB73_Zm00001d039685,"Liu, Y et al. 2023.",Raffinose Positively Regulates Maize Drought Tolerance by Reducing Leaf Transpiration.,"Overexpression of the ZmRAFS gene in maize, in contrast to Arabidopsis, increased the raffinose content in leaves, assisted the leaf to retain water, and enhanced the plant drought stress tolerance without causing a detectable growth penalty.",36703577
ZmCCT,CO CO-LIKE TIMING OF CAB1 protein domain1,"cct1, ZmCCT10, ZmCCT56, CONSTANS (CO), CO-LIKE and TIMING OF chlorophyll a/b binding protein1 (CAB1), CCT protein domain1, transcription factor GHD7, GRMZM2G381691 ",10L,Zm00001eb418700,103641424 (by MAIZEGDB Blast to gene model GRMZM2G381691 (MS Jul 2012)),ZEAMMB73_Zm00001d024909,"Zhang, ZH et al. 2023. ","ZmCCT regulates drought tolerance in maize by interacting with ZmFra a 1, E3 ligase ZmWIPF2 and auxin response factor ZmAux/IAA8.","ZmCCT overexpression enhances seedling drought tolerance in maize and Arabidopsis by physically interacting with ZmFra a 1, ZmWIPF2, and ZmAux/IAA8 in vivo and in vitro.",37725963
ZmGLK1,G2-like1,"glk1, ZmGLK57, GRMZM2G026833 ",9S,Zm00001eb371980,541882,ZEAMMB73_Zm00001d044785,"Li, X et al. 2023.",Maize GOLDEN2-LIKE proteins enhance drought tolerance in rice by promoting stomatal closure.,Elevated drought tolerance in rice plants overexpressing ZmGLK1 or GOLDEN2 (ZmG2) was conferred by rapid ABA-mediated stomatal closure.,37850886
ZmG2,golden plant2,"g2, bsd1, glk13, pg-m, type-A RESPONSE REGULATOR (ARR), g5, v19, pg14, GRMZM2G087804",3S,Zm00001eb118900,542493,ZEAMMB73_Zm00001d039260,"Li, X et al. 2023.",Maize GOLDEN2-LIKE proteins enhance drought tolerance in rice by promoting stomatal closure.,Elevated drought tolerance in rice plants overexpressing ZmGLK1 or GOLDEN2 (ZmG2) was conferred by rapid ABA-mediated stomatal closure.,37850886
ZmSO,sulfite oxidase,"so1, GRMZM2G114739",1L,Zm00001eb036560 ,103642918,ZEAMMB73_Zm00001d031617,"Xia, ZL et al. 2023.",Genetic variation in ZmSO contributes to ABA response and drought tolerance in maize seedlings,"ZmSO conferred ABA-inducible expression, leading to increased drought tolerance. ",-
 ZmEREB24,AP2-EREBP-transcription factor 24,"umc1542, GRMZM2G086573",2S,Zm00001eb067980 ,100384122,ZEAMMB73_Zm00001d002025,"Ren, ZZ et al. 2023.",Analysis of the molecular mechanisms regulating how ZmEREB24 improves drought tolerance in maize (Zea mays) seedlings,"The overexpression of ZmEREB24 promotes drought tolerance of transgenic maize plants at the seedling stage.  ZmEREB24 is a highly drought responsive gene. The mechanism of ZmEREB24 enhancing drought-tolerance is to regulate the expression of four target genes (ZmSUS4, ZmSASA3, ZmBT2 and ZmPDH6).",38215602
ZmSLK1,shikimate kinase-like1,GRMZM2G119249 ,1L,Zm00001eb028930,100283991,ZEAMMB73_Zm00001d030688,Yuqing Liu et al. 2022. ,Overexpression of the maize genes ZmSKL1 and ZmSKL2 positively regulates drought stress tolerance in transgenic Arabidopsis.," Transgenic Arabidopsis plants overexpressing ZmSKL1 or ZmSKL2 exhibited improved drought stress tolerance through increases in relative water content and stomatal closure. Additionally, the transgenic lines showed reduced accumulation of reactive oxygen species as a results of increased antioxidant enzyme activity. Interestingly, overexpression of ZmSKL1 or ZmSKL2 also increased sensitivity to exogenous abscisic acid. ",36585973
ZmSLK2,shikimate kinase-like2,"ATP binding protein (per NCBI), probable inactive shikimate kinase like 2, chloroplastic, GRMZM2G089147",1S,Zm00001eb025030,100191176,ZEAMMB73_Zm00001d030109,Yuqing Liu et al. 2022. ,Overexpression of the maize genes ZmSKL1 and ZmSKL2 positively regulates drought stress tolerance in transgenic Arabidopsis.," Transgenic Arabidopsis plants overexpressing ZmSKL1 or ZmSKL2 exhibited improved drought stress tolerance through increases in relative water content and stomatal closure. Additionally, the transgenic lines showed reduced accumulation of reactive oxygen species as a results of increased antioxidant enzyme activity. Interestingly, overexpression of ZmSKL1 or ZmSKL2 also increased sensitivity to exogenous abscisic acid. ",36585973
ZmNHL1,NDR1/HIN1-like 1,"non-race specific disease resistance gene (NDR1)/hairpin-induced (HIN1)-like1, VAMP protein SEC22 (per NCBI), ZmLEA52, GRMZM2G406119",10L,Zm00001eb434170 ,100216955,ZEAMMB73_Zm00001d026664,"Wang, GR et al. 2022. ",Functional analysis of a late embryogenesis abundant protein ZmNHL1 in maize under drought stress,ZmNHL1 promotes maize tolerance to drought stress in transgenic plants by improving ROS scavenging and maintaining the cell membrane permeability. ,36470036
ZmSAP8,stress associated protein,"znf10, zinc finger protein10, ZmSAP9, AN110 (per NCBI), AN1-type zinc finger protein 2B, GRMZM2G081782",7L,Zm00001eb324750,100127532,ZEAMMB73_Zm00001d021842,"Su, AQ et al. 2022. ",Identification and Analysis of Stress-Associated Proteins (SAPs) Protein Family and Drought Tolerance of ZmSAP8 in Transgenic Arabidopsis,"Overexpressing ZmSAP8 enhanced the tolerance to drought stress in Arabidopsis thaliana, with higher seed germination and longer root length. ",36430587
ZmNUP58, nucleoporin58,"nucleoporin p58/p45, umc1637, GRMZM2G134502",2L,Zm00001eb100530,100282882,-,"Liu, ZX et al. 2022. ",A Nucleoporin NUP58 modulates responses to drought and salt stress in maize (Zea mays L.),The overexpression of ZmNUP58 can significantly strengthen the tolerance to drought stress and salt stress by promoting both chlorophyll content and activities of antioxidant enzymes.,35643613
ZmbHLH124,bHLH-transcription factor 124,"putative transcription factor bHLH041, GRMZM2G132550",6L,Zm00001eb284130,103630140,ZEAMMB73_Zm00001d037749,"Wei, SW et al. 2021. ",ZmbHLH124 identified in maize recombinant inbred lines contributes to drought tolerance in crops,Overexpression of ZmbHLH124 in maize and rice enhanced plant drought tolerance and up-regulated the expression of drought-responsive genes.,34031958
ZmHsf05 ,HSF-transcription factor 05,"ZmHsf11, ufg14, hsftf11, heat shock factor protein HSF30, PCO075654, GRMZM2G132971 ",1L,Zm00001eb060670,100281501,-,"Si, WN et al. 2021.",Ectopic overexpression of maize heat stress transcription factor ZmHsf05 confers drought tolerance in transgenic rice,"ZmHsf05 could improve drought tolerance in rice, likely in an ABA-dependent manner. Rice overexpressing ZmHsf05 was more sensitive to ABA and had either a lower germination rate or shorter shoot length under ABA treatment. The transcription level of key genes in the ABA synthesis and drought-related pathway were significantly improved in transgenic rice after drought stress.",34680963
ZmWRKY104,WRKY-transcription factor 104,"WRKY18, wrky62, ZmWRKY081, GRMZM2G169149",7L,Zm00001eb312890,100281244,ZEAMMB73_Zm00001d020495,"Zhao, LL et al. 2021.",ZmWRKY104 transcription factor phosphorylated by ZmMPK6 functioning in ABA-induced antioxidant defense and enhance drought tolerance in maize,ZmWRKY104 Is a Positive Regulator in ABA-Induced Antioxidant Defense. Overexpression of ZmWRKY104 in maize can enhance drought tolerance and relieve drought-induced oxidative damage in transgenic lines. ,34571770
ZmMPK6, MAP kinase6,"ZmMPK16, ZmMAPK_19, GRMZM2G089484 ",10L,Zm00001eb417810 ,542143,ZEAMMB73_Zm00001d024807,"Zhao, LL et al. 2021.",ZmWRKY104 transcription factor phosphorylated by ZmMPK6 functioning in ABA-induced antioxidant defense and enhance drought tolerance in maize,ZmMPK6 Phosphorylation of ZmWRKY104 Plays a Key Role in ABA-Induced Antioxidant Defense. Kernel weight is enhanced in ZmMPK6 over-expression lines.,34571770
ZmCPK35,calcium dependent protein kinase35,"ZmCDPK36, ZmCPK36, calcium-dependent protein kinase 8-like, cdpk19, GRMZM2G028086",7L,Zm00001eb324690 ,100285166,ZEAMMB73_Zm00001d021835," Li, X-D et al. 2021. ",Two calcium-dependent protein kinases enhance maize drought tolerance by activating anion channel ZmSLAC1 in guard cells,Overexpression of ZmCPK35 and ZmCPK37 enhance maize yield in fields under drought stress. ZmCPK35 and ZmCPK37 regulate stomatal closure under drought stress.,34498364
ZmCPK37,calcium dependent protein kinase37,"cdpk32, ZmCDPK36 , ZmCDPK37, ZmCDPK7, ZmCBL3, calcium-dependent protein kinase, isoform AK1, GRMZM2G099425",2L,Zm00001eb107190 ,100280693,ZEAMMB73_Zm00001d006621," Li, X-D et al. 2021. ",Two calcium-dependent protein kinases enhance maize drought tolerance by activating anion channel ZmSLAC1 in guard cells,Overexpression of ZmCPK35 and ZmCPK37 enhance maize yield in fields under drought stress. ZmCPK35 and ZmCPK37 regulate stomatal closure under drought stress.,34498364
ZmNAC080308,NAC-transcription factor,"nactf70, nac70, Zma029150 , ZmNAC96, GRMZM2G312201",3L,Zm00001eb149810 ,100383937,ZEAMMB73_Zm00001d043094,"Wang, N et al. 2021. ",Natural variations in the non-coding region of ZmNAC080308 contributes maintaining grain yield under drought stress in maize,Overexpression of ZmNAC080308 enhances drought resistance in transgenic Arabidopsis.,34193036
ZmBSK1,brassinosteroid-signaling kinase1," ATP binding protein (per NCBI), putative serine/threonine-protein kinase, GRMZM2G127050",9L,Zm00001eb402560 ,100192644,ZEAMMB73_Zm00001d048345,"Liu, L et al. 2021. ",BRASSINOSTEROID-SIGNALING KINASE 1 phosphorylating CALCIUM/CALMODULIN-DEPENDENT PROTEIN KINASE functions in drought tolerance in maize,ZmBSK1 positively regulates the tolerance of maize plants to drought stress. ZmBSK1 phosphorylates ZmCCaMK in vitro. ZmBSK1 phosphorylates ZmCCaMK at Ser-67 in vivo and drought enhances this phosphorylation.,33864702
ZmWRKY79,WRKY-transcription factor 79,"putative WRKY transcription factor 30 (per NCBI), WRKY53, GRMZM2G025895",7L,Zm00001eb310270 ,100193434,ZEAMMB73_Zm00001d020137,"Gulzar, F et al. 2021. ",Maize WRKY transcription factor ZmWRKY79 positively regulates drought tolerance through elevating ABA biosynthesis,"The Overexpression of ZmWRKY79 Enhanced Drought Tolerance in Arabidopsis by improving the survival rate under drought stress, which was accompanied by more lateral roots, lower stomatal aperture, and water loss. ROS scavenging was also boosted by ZmWRKY79 to result in less H2O2 and MDA accumulation and increased antioxidant enzyme activities.",34576244
ZmPMTR1,phytomelatonin receptor1,"CANDIDATE G-PROTEIN COUPLED RECEPTOR 2-like, GRMZM2G123732",1L,Zm00001eb057710 ,100216647,ZEAMMB73_Zm00001d034063,"Wang, L-F et al. 2021.",Maize PHYTOMELATONIN RECEPTOR1 functions in plant osmotic and drought stress tolerance,"ZmPMTR1 largely rescued defect of melatonin-induced stomatal closure in the cand2-1 mutant, thereby reducing water loss rate and increasing drought stress tolerance.",34922349
ZmERF21, ethylene-responsive transcription factor ERF021,"AP2-EREBP-transcription factor 240, dehydration-responsive element-binding protein 1D (per NCBI), AP2-EREBP-73, GRMZM2G424348",10L,Zm00001eb423100 ,100281843,ZEAMMB73_Zm00001d025477,"Wang, ZY et al. 2021.",ZmERF21 directly regulates hormone signaling and stress-responsive gene expression to influence drought tolerance in maize seedlings,Overexpression of ZmERF21 in maize significantly increased the chlorophyll content and activities of antioxidant enzymes under drought conditions. ZmERF21 promotes drought tolerance in maize.,34873716
ZmbZIP33,bZIP-transcription factor 33,"ABI5, ABSCISIC ACID-INSENSITIVE 5-like protein 5, ZmABF3, auxin-responsive protein, GRMZM2G157722",4S,Zm00001eb176680 ,100216617,ZEAMMB73_Zm00001d050018,"Cao, LR et al. 2021.",Maize ZmbZIP33 is involved in drought resistance and recovery ability through an abscisic acid-dependent signaling pathway,"Overexpression of ZmbZIP33 remarkably increased chlorophyll content and root length after drought stress and rewatering, and, moreover, cause an accumulation of ABA content, thereby improving drought resistance and recovery ability in Arabidopsis. ZmbZIP33 played roles in ABA biosynthesis and regulation of drought response and rewatering in Arabidopsis and maize through an ABA-dependent signaling pathway.",33868332
ZmHDZIV14,Homeodomain-leucine zipper (HD-Zip) IV transcription factor,"Homeobox-transcription factor 71, hb71, HDZIV14_OCL14, GRMZM2G145690",5L,Zm00001eb256420 ,100502181,ZEAMMB73_Zm00001d018225,"Fang, P et al. 2020.",Overexpression of maize ZmHDZIV14 increases abscisic acid sensitivity and mediates drought and salt stress in Arabidopsis and tobacco,"Overexpression of ZmHDZIV14 in Arabidopsis caused increased sensitivity to abscisic acid (ABA), tolerance of salt and mannitol at germination stage, and drought tolerance of seedlings. ZmHDZIV14 transgenic Arabidopsis lines placed under drought stress additionally displayed lower levels of malondialdehyde, higher proline, and relative water content, compared to the wild-type.",-
ZmEREB160, AP2-EREBP-transcription factor 160,"Tsh, GRMZM2G171179",9S,Zm00001eb374110 ,100279803,ZEAMMB73_Zm00001d045044,"Liu, WP et al. 2020.",The maize AP2/EREBP transcription factor zmereb160 enhances drought tolerance in Arabidopsis,"Overexpression of ZmEREB160 in Arabidopsis significantly enhanced tolerance to osmotic and ABA stress, overexpressed seedlings were longer roots under ABA and mannitol treatments compared with wild type. In addition, overexpression of ZmEREB160 Arabidopsis seedlings was found to elevate survival rate compared with wild type plants under drought stress.",-
ZmPTPN,protein tyrosine phosphatase-like nucleotidase1,"ZmPP18, PTP-like Phosphatase, GRMZM2G146819 ",1L,Zm00001eb049240 ,103643638,ZEAMMB73_Zm00001d033104,"Zhang, H et al. 2020. ",Enhanced vitamin C production mediated by an ABA-induced PTP-like nucleotidase improves drought tolerance of arabidopsis and maize,"Overexpressing maize PTPN (ZmPTPN) promoted plant drought tolerance, indicating conserved and positive roles of PTPN in plant drought tolerance. encodes proten with nucleotidase activity; is activated by ABA signaling and is a key regulator of drought-promoted vitamin C production",32068157
ZmSRL5,semi-rolled leaf 5,"srl5, GRMZM2G139852",1S,Zm00001eb008140 ,100283808,ZEAMMB73_Zm00001d052718,"Pan, ZY et al. 2020. ",ZmSRL5 is involved in drought tolerance by maintaining cuticular wax structure in maize,"ZmSRL5 is required for the structure formation of the cuticular wax and could increase the drought tolerance by maintaining the proper cuticular wax structure in maize. ZmSRL5 encodes a CASPARIAN‐STRIP‐MEMBRANE‐DOMAIN‐LIKE (CASPL) protein located in plasma membrane, and highly expressed in developing leaves. ",32965083
ZmSCE1d,class-I SUMO conjugating enzyme,"uce17, ubiquitin conjugating enzyme17, GRMZM2G163398",9L,Zm00001eb393660 ,103639085,ZEAMMB73_Zm00001d047354,"Wang, HY et al. 2019.",The maize class-I SUMO conjugating enzyme ZmSCE1d is involved in drought stress response,"Over-expression of ZmSCE1d in transgenic Arabidopsis plants increased SUMO conjugates and improved drought tolerance. The ZmSCE1d-transgenic plants showed higher antioxidant enzyme activities, but lower reactive oxygen species and lipid peroxidation upon drought stress.",31861556
ZmNAC33,NAC domain-containing protein,"nactf109, nac109, Zma003086, ZmNAC11, ZmSNAC8, GRMZM2G014653, ZmSNAC06",3L,Zm00001eb145580 ,101027155,ZEAMMB73_Zm00001d042609,"Liu, WP et al. 2019.","Function analysis of ZmNAC33, a positive regulator in drought stress response in Arabidopsis","In ZmNAC33 transgenic Arabidopsis, germination rates were higher than in wild type plants under ABA and osmotic stress at the germination stage, and overexpression lines exhibited higher survival rates and higher antioxidant enzyme activities compared with wild type under drought stress.",31704591
ZmMYB3R,myb domain protein 3r-3,"MYB-transcription factor 15, GRMZM2G081919",3L,Zm00001eb148320 ,100285081,ZEAMMB73_Zm00001d042910,"Wu, JD et al. 2019.",Expression of the maize MYB transcription factor ZmMYB3R enhances drought and salt stress tolerance in transgenic plants,"Transgenic Arabidopsis plants overexpressing ZmMYB3R displayed enhanced growth performance and higher survival rates, elevated catalase (CAT), peroxidase (POD) and superoxide dismutase (SOD) enzyme activities, increased sensitivity to ABA, and regulation of the stomatal aperture, suggesting that ZmMYB3R enhances tolerance to drought and salt stress.",30798172
ZmASR3,abscisic acid stress ripening3 ,"aasr3, GRMZM2G044132, ",2S,Zm00001eb083180 ,111258510,-,"Liang, YN et al. 2019. ",ZmASR3 from the maize ASR gene family positively regulates drought tolerance in transgenic Arabidopsis,"Overexpression of maize ZmASR3 gene in Arabidopsis showed lower malondialdehyde (MDA) levels and higher relative water content (RWC) and proline content than the wild type under drought conditions, demonstrating that ZmASR3 can improve drought tolerance. ZmASR3-overexpressing transgenic lines displayed increased stomatal closure and reduced reactive oxygen species (ROS) accumulation by increasing the enzyme activities of superoxide dismutase (SOD) and catalase (CAT) under drought conditions.",31072025
ZmLEA14tv ,late embryogenesis abundant protein14,"lea14-A, ZmLEA43, GRMZM2G050607",8L,Zm00001eb342130 ,100286287,ZEAMMB73_Zm00001d009382,"Bui, MM et al. 2019. ",A LEA gene from a Vietnamese maize landrace can enhance the drought tolerance of transgenic maize and tobacco,"During drought simulation conditions, the ZmLEA14tv-expressing plants of tobacco showed improved recovery ability, while those of maize enhanced the seed germination in comparison with the non-transgenic control plants.",-
ZmNAGK,N-acetylglutamate kinase,"nagk1, GRMZM2G132777",2S,Zm00001eb074610 ,100283064,ZEAMMB73_Zm00001d002734,"Liu, WJ et al. 2019.",Over-expression of a maize N-acetylglutamate kinase gene (ZmNAGK) improves drought tolerance in tobacco,"Expression of ZmNAGK in tobacco resulted in higher tolerance to drought. Overexpression of ZmNAGK could enhance the activities of antioxidant defense enzymes, and decrease malondialdehyde content and leakage of electrolyte in tobacco under drought stress. In addition, the ZmNAGK transgenic tobaccos activated drought responses. ",30662448
ZmTCP42,Teosinte-branched 1/Cycloidea/Proliferating transcription factor,"tcptf38, tcp38, transcription factor PCF8, GRMZM2G180568",7L,Zm00001eb328570,103633471,ZEAMMB73_Zm00001d022256," Ding, SC et al. 2019.",Genome-wide analysis of TCP family genes in Zea mays L. identified a role for ZmTCP42 in drought tolerance,Overexpression of ZmTCP42 in Arabidopsis led to a hypersensitivity to ABA in seed germination and enhanced drought tolerance,31195663
ZmPIF3,Phytochrome-interacting factor 3,"bHLH-transcription factor 65, GRMZM2G387528",8S,Zm00001eb332400 ,100279991,ZEAMMB73_Zm00001d008205," Gao, Y et al. 2018. ",Roles of a maize phytochrome-interacting factors protein ZmPIF3 in regulation of drought stress responses by controlling stomatal closure in transgenic rice without yield penalty,ZmPIF3 can enhance water-saving and drought-resistance by decreasing stomatal aperture and reducing transpiration in both transgenic rice and transgenic Arabidopsis. ZmPIF3 is a positive regulator of ABA signaling and enhances water-saving and drought-resistance traits by reducing stomatal openings to control water loss. ,29869742
ZmWRKY40,WRKY-transcription factor ,"wrky48, ZmWRKY060, GRMZM2G120320",5S,Zm00001eb234120 ,100279570,ZEAMMB73_Zm00001d015515,"Wang, C-T et al. 2018.",The Maize WRKY Transcription Factor ZmWRKY40 Confers Drought Resistance in Transgenic Arabidopsis,"Overexpression of ZmWRKY40 improved drought tolerance in transgenic Arabidopsis by regulating stress-related genes, and the reactive oxygen species (ROS) content in transgenic lines was reduced by enhancing the activities of peroxide dismutase (POD) and catalase (CAT) under drought stress. ",30200246
ZmOST1,Open Stomata 1,"SnRK2 serine threonine protein kinase8, snrkII8, ZmSnRK2.3, SAPK8, GRMZM2G138861",1L,Zm00001eb058470 ,100283283,ZEAMMB73_Zm00001d034161,"Wu, QQ et al. 2018.",ZmOST1 mediates abscisic acid regulation of guard cell ion channels and drought stress responses,"ZmOST1 enhances plant drought tolerance through stomata closure, in response to both ABA and water stress signals, thereby reducing water loss. ",30160823
ZmPIF1,phytochrome-interacting factor1,"ZmbHLH76, bHLH-transcription factor 68, bhlh68, GRMZM2G115960",3S,Zm00001eb129520 ,100382453,ZEAMMB73_Zm00001d040536,"Gao, Y et al. 2018.",A maize phytochrome-interacting factors protein ZmPIF1 enhances drought tolerance by inducing stomatal closure and improves grain yield in Oryza sativa,"ZmPIF1 plays an important role in the ABA-mediated regulation of stomatal closure to control water loss. The ZmPIF1 transgenic rice and Arabidopsis displayed water saving and drought resistance, which were associated with reduced a stomatal aperture and transpiration rate. ",29327440
ABP2,ABRE binding protein 2,"bzip100, bZIP transcription factor 23, bZIP transcription factor 46, ABSCISIC ACID-INSENSITIVE 5-like protein 6,  GRMZM2G033413 ",9S,Zm00001eb373300 ,103637889,ZEAMMB73_Zm00001d044940,"Zong, N et al. 2018. ",Maize ABP2 enhances tolerance to drought and salt stress in transgenic Arabidopsis,"Constitutive expression of ABP2 in transgenic Arabidopsis plants enhanced tolerance to drought and salt stress, and increased sensitivity to ABA.",-
ZmXerico1,probable E3 ubiquitin-protein ligase XERICO,"xer1, putative RING zinc finger domain superfamily protein (per NCBI), RING-H2 finger protein, GRMZM2G018070 ",2L,Zm00001eb101500 ,100281379,ZEAMMB73_Zm00001d005978,"Brugiere, N et al. 2017.",Overexpression of RING domain E3 ligase ZmXerico1 confers drought tolerance through regulation of ABA homeostasis,Overexpression of ZmXerico1 and ZmXerico2 in maize results in increased ABA levels and decreased levels of ABA degradation products diphaseic acid and phaseic acid. Over-expression improves water use efficiency and drought tolerance in transgenic maize plants through reduction in ABA8OX proteins stability and ABA degradation.,28899960
ZmXerico2,probable E3 ubiquitin-protein ligase XERICO,"xer2, putative RING zinc finger domain superfamily protein (per NCBI), putative RING zinc finger domain superfamily protein, GRMZM2G393349",7L,Zm00001eb316120 ,100284490,ZEAMMB73_Zm00001d020861,"Brugiere, N et al. 2017.",Overexpression of RING domain E3 ligase ZmXerico1 confers drought tolerance through regulation of ABA homeostasis,Overexpression of ZmXerico1 and ZmXerico2 in maize results in increased ABA levels and decreased levels of ABA degradation products diphaseic acid and phaseic acid. Over-expression improves water use efficiency and drought tolerance in transgenic maize plants through reduction in ABA8OX proteins stability and ABA degradation.,28899960
ZmCIPK8,calcineurin B-like-interacting protein kinase3,"ZmSnRK3.9, CBL-interacting serine/threonine-protein kinase 8, cipk8, GRMZM2G383240",3S,Zm00001eb118540 ,100193471,ZEAMMB73_Zm00001d000080,"Tai, F, et al. 2016. ","ZmCIPK8, a CBL-interacting protein kinase, regulates maize response to drought stress","Over-expression of ZmCIPK8 in tobacco induced the expression of the NAC, CBF, and Rd29A genes and enhanced drought tolerance of transgenic tobacco seedlings. ",-
ZmSDD1,subtilase family protein,"sbt4, ZmSBT1.31, ZmSBT43, ZmSPS8.1.4, GRMZM2G429842",7L,Zm00001eb314120 ,100191879,ZEAMMB73_Zm00001d020627,"Liu, YB et al. 2015.",Overexpression of maize SDD1 (ZmSDD1) improves drought resistance in Zea mays L. by reducing stomatal density,"ZmSDD1 enhanced the drought resistance in the transgenic maizes through improving WUE and photosynthetic rate which was considered as the result of the higher PEPCase activity, CO2 utilization rate and the lower CO2 compensation point.",-
ZmARGOS1,Zea mays auxin regulated gene involved in organ size,"zar1, Zea mays ARGOS1, GRMZM2G446201 ",10L,Zm00001eb423180 ,100274970,ZEAMMB73_Zm00001d025490,"Shi, JR et al. 2015. ","Over-expression of ARGOS genes modifies plant sensitivity to ethylene, leading to improved drought tolerance in both Arabidopsis and maize","In Arabidopsis, over-expression of maize ARGOS1 (Zm-ARGOS1), Zm-ARGOS8, Arabidopsis ARGOS-Like2 (At-ARL2) and At-ARL3 reduced plant sensitivity to ethylene, leading to enhanced drought tolerance. ",26220950
ZmARGOS8,Zea mays auxin regulated gene involved in organ size,"zar8, aluminum-induced protein superfamily pseudogene, ARGOS8, GRMZM2G354338 ",6L,Zm00001eb287000 ,100275015,ZEAMMB73_Zm00001d038075,"Shi, JR et al. 2015. ","Over-expression of ARGOS genes modifies plant sensitivity to ethylene, leading to improved drought tolerance in both Arabidopsis and maize","In Arabidopsis, over-expression of maize ARGOS1 (Zm-ARGOS1), Zm-ARGOS8, Arabidopsis ARGOS-Like2 (At-ARL2) and At-ARL3 reduced plant sensitivity to ethylene, leading to enhanced drought tolerance. ",26220950
ZmHsf06,HSF-transcription factor,"hsftf5, GRMZM2G115456 ",1L,Zm00001eb064860 ,100273077,ZEAMMB73_Zm00001d034886,"Li, H-C et al. 2015.",Expression of maize heat shock transcription factor gene ZmHsf06 enhances the thermotolerance and drought-stress tolerance of transgenic Arabidopsis,"Overexpressing ZmHsf06 Arabidopsis plants have enhanced basal and acquired thermotolerance, stronger drought-stress tolerance and growth advantages under mild heat stress conditions.",32480747
Zmhdz10,homeodomain-leucine zipper I (HD-Zip) I transcription factor,"hb54, Homeobox-transcription factor 54, hdz19, GRMZM2G041127 ",2L,Zm00001eb101280 ,100194336,ZEAMMB73_Zm00001d005951,"Zhao, Y et al. 2014.","A novel maize homeodomain-leucine zipper (HD-Zip) I gene, Zmhdz10, positively regulates drought and salt tolerance in both rice and Arabidopsis.","Overexpression of Zmhdz10 in rice led to enhanced tolerance to drought and salt stresses and increased sensitivity to ABA. Moreover, Zmhdz10 transgenic plants had lower relative electrolyte leakage (REL), lower malondialdehyde (MDA) and increased proline content relative to wild-type plants under stress conditions, which may contribute to enhanced stress tolerance.",24817160
ZmPIS,phosphatidylinositol synthase1,"pis1, GRMZM2G110646",9L,Zm00001eb389940 ,542548,ZEAMMB73_Zm00001d046972,"Liu, X et al. 2013.",Overexpression of the phosphatidylinositol synthase gene (ZmPIS) conferring drought stress tolerance by altering membrane lipid composition and increasing ABA synthesis in maize,"Under drought stress conditions, the overexpression of ZmPIS in maize resulted in significantly elevated levels of most phospholipids and galactolipids in leaves compared with those in wild type (WT).",23152961
ZmCPK4,calcium dependent protein kinase4,"ZMZK24, ZmCDPK31, ZmCDPK4, GRMZM2G321239",10L,Zm00001eb428080 ,100384476,ZEAMMB73_Zm00001d026018,"Jiang, S et al. 2013. ","A maize calcium-dependent protein kinase gene, ZmCPK4, positively regulated abscisic acid signaling and enhanced drought stress tolerance in transgenic Arabidopsis","Overexpression of ZmCPK4 in the transgenic Arabidopsis enhanced ABA sensitivity in seed germination, seedling growth and stomatal movement. The transgenic plants also enhanced drought stress tolerance.",23911729
ZmDREB2.7 ,AP2-EREBP-transcription factor,"ereb137, ZmDREB2.7/ZmERF18, ethylene-responsive transcription factor ABI4, GRMZM2G028386 ",1L,Zm00001eb038660 ,103643169,ZEAMMB73_Zm00001d031861,"Liu, S et al. 2013.",Genome-Wide Analysis of ZmDREB Genes and Their Association with Natural Variation in Drought Tolerance at Seedling Stage of Zea mays L,The transgenic Arabidopsis overexpressing ZmDREB2.7 displayed enhanced tolerance to drought stress.,24086146
ZmGF14-6,general regulatory factor1,"ZmGRF24, grf1, growth-regulating factor 1-like, gbf14, 4-3-3- like protein GF14-6, GRMZM2G102499",2S,Zm00001eb080570 ,100101535,ZEAMMB73_Zm00001d003401," Campo, S; et al. 2012. ",Expression of the maize ZmGF14-6 gene in rice confers tolerance to drought stress while enhancing susceptibility to pathogen infection,ZmGF14-6 positively regulates drought tolerance in transgenic rice while negatively modulating the plant defence response to pathogen infection. ,22016430
ZmDBP4,dehyrdration responsive element (DRE) binding protein4,"ZmEREB56, ZmDREB1.7, GRMZM2G380377",6,Zm00001eb269420 ,100384479,ZEAMMB73_Zm00001d036003," Wang, C et al. 2011.",Characterization of the ZmDBP4 gene encoding a CRT/DRE-binding protein responsive to drought and cold stress in maize,AP2/ERF transcription factor; Overexpression of ZmDBP4 improved drought and cold-stress tolerance in transgenic Arabidopsis plants. ,18800227
ZmPLC1,phospholipase C1,"ZmPI-PLC3a, GRMZM5G889467",5S,Zm00001eb229070 ,542162,ZEAMMB73_Zm00001d014903,"Wang, C-R et al. 2008.",Enhanced expression of phospholipase C 1 (ZmPLC1) improves drought tolerance in transgenic maize,"Under drought stress conditions, the sense transgenic plants had higher relative water content, better osmotic adjustment, increased photosynthesis rates, lower percentage of ion leakage and less lipid membrane peroxidation, higher grain yield than the WT",18214529
ZmNF-YB2,CAAT-box DNA binding protein subunit B (NF-YB),"CCAAT-DR1-transcription factor 17, ZmNF-YB11, ZmNF-YB13, ZmNF-YB17, GRMZM5G804893",6L,Zm00001eb289860 ,542390,ZEAMMB73_Zm00001d038397,"Nelson, DE, et al. 2007.",Plant nuclear factor Y (NF-Y) B subunits confer drought tolerance and lead to improved corn yields on water-limited acres,"Under water-limited conditions, transgenic maize plants with increased ZmNF-YB2 expression show tolerance to drought based on the responses of a number of stress-related parameters, including chlorophyll content, stomatal conductance, leaf temperature, reduced wilting, and maintenance of photosynthesis. ",17923671
ZmSNAC1,Stress-Responsive NAC 1,"nactf49, NAC-transcription factor 49, ZmNAC1, ZmNAC102, ZmNAC010312, GRMZM2G347043",1L,Zm00001eb062170 ,100170665,ZEAMMB73_Zm00001d034601,"Hu, H, et al. 2006.","Overexpressing a NAM, ATAF, and CUC (NAC) transcription factor enhances drought resistance and salt tolerance in rice","Overexpression of stress responsive gene SNAC1 significantly enhances drought resistance in transgenic rice (22-34% higher seed setting than control) in the field under severe drought stress conditions at the reproductive stage while showing no phenotypic changes or yield penalty. SNAC1 functions by regulating the expression of genes that contain the NAC Recognized Sequence (NACRS) within their promoter region. SNAC1 is induced predominantly in guard cells by drought and encodes a NAM, ATAF, and CUC (NAC) transcription factor with transactivation activity. ",16924117
ZmHSD1,hydroxysteroid dehydrogenase 1,"11-beta-hydroxysteroid dehydrogenase-like 5, GRMZM2G009188",2L,Zm00001eb112950 ,103648012,ZEAMMB73_Zm00001d007345,"Liu, HF et al. 2024.",ZmC2H2-149 negatively regulates drought tolerance by repressing ZmHSD1 in maize.,ZmHSD1 is a positive drought tolerance regulator. Overexpression of ZmHSD1 increased drought tolerance and grain yield under water deficit conditions compared to their respective wild-type plants. ,38164019
ZmC2H2-149,C2H2-type zinc finger family protein ,"IDP4955, GRMZM2G402027",10L,Zm00001eb429620 ,103641998,ZEAMMB73_Zm00001d026166,"Liu, HF et al. 2024.",ZmC2H2-149 negatively regulates drought tolerance by repressing ZmHSD1 in maize.,"Overexpression of ZmC2H2-149 in maize led to a decrease in both drought tolerance and crop yield. ZmC2H2-149 directly suppresses the expression of a positive drought tolerance regulator, ZmHSD1 (hydroxysteroid dehydrogenase 1). ",38164019
ZmASR1,Abscisic acid stress ripening-induced (ASR) protein,"aasr1, aba1, abscisic stress protein homolog, GRMZM2G136910 ",10S,Zm00001eb407710 ,542304,ZEAMMB73_Zm00001d023529,"Yang, Y et al. 2024.",ZmASR1 negatively regulates drought stress tolerance in maize.,"ZmASR1 knockout lines showed enhanced drought stress tolerance in maize. ZmASR1 knockout lines showed lower ROS accumulation, higher ABA content, and a higher degree of stomatal closure than wild-type plants.",38710113
ZmHDT103,histone deacetylase103,"HDT3, Zm-HD2c, hda104, hda105, HD2c, GRMZM2G159032",6L,Zm00001eb294030 ,542355,ZEAMMB73_Zm00001d038832," Wang, XD et al. 2024.",ZmHDT103 Negatively Regulates Drought Stress Tolerance in Maize Seedlings,"Under drought conditions, the seedlings of ZmHDT103 mutants exhibited significantly lower water loss rate (WLR), relative electrolytic leakage (REL), hydrogen peroxide (H2O2) level, and malonaldehyde (MDA) level than those of their wild-type (WT) counterparts. Additionally, the seedlings of ZmHDT103 mutants exhibited significantly higher levels of abscisic acid (ABA), relative water content (RWC), peroxidase (POD), and proline (Pro) than those of the WT control.",-
ZmLAZ1-3 ,lazarus ortholog3,"Protein LAZ1, GRMZM2G122045",1L,Zm00001eb063290 ,100279997,ZEAMMB73_Zm00001d034719,"Yu, HQ et al. 2024.",Maize ZmLAZ1-3 gene negatively regulates drought tolerance in transgenic Arabidopsis.,"The ectopic expression of the ZmLAZ1-3 gene in Arabidopsis significantly reduced germination ratio and root length, decreased biomass, and relative water content, but increased relative electrical conductivity and malondialdehyde content under drought stress. ZmLAZ1-3 gene is a negative regulator in regulating drought tolerance and can be used to improve maize drought tolerance via its silencing or knockout.",38575869
ZmBES1/BZR1,BRI1-EMS1 suppressor (BES1)/brassinazole-resistant 1 (BZR1) transcription factor,"BZR-transcription factor 4, ZmNHL44, beta-amylase 2 chloroplastic , beta-amylase 7, ZmBAM7, GRMZM2G446515",7L,Zm00001eb307700 ,100278364,ZEAMMB73_Zm00001d019756,"Feng, WQ et al. 2023.",Maize ZmBES1/BZR1-1 transcription factor negatively regulates drought tolerance,"Under drought stress, overexpression of ZmBES1/BZR1-1 resulted in the enhancement of drought sensitivity of transgenic Arabidopsis and rice with a lower survival rate, reactive oxygen species (ROS) level and relative water content (RWC) and a higher stomatal aperture and relative electrolyte leakage (REL).  The expression of ZmBES1/BZR1-1 exhibited no tissue specificity but drought-inhibitory expression in maize.",37979574
ZmPP84,probable protein phosphatase 2C ,"ZmPP2C44, ZmPP2C47, ZmPP2C94, prh94, protein phosphatase homolog94, GRMZM5G829894 ",5S,Zm00001eb232360 ,542153,ZEAMMB73_Zm00001d015279,Yazhen Guo et al. 2022.,The clade F PP2C phosphatase ZmPP84 negatively regulates drought tolerance by repressing stomatal closure in maize.,"transcription of ZmPP84 is suppressed by drought stress. ZmPP84 is a negative regulator of drought stress response that inhibits stomatal closure through dephosphorylating ZmMEK1, thereby repressing ZmMEK1-ZmSIMK1 signaling pathway.",36444538
ZmSAG39 ,senescence-specific cysteine protease SAG39-like,"ZmCP14, ccp18, cysteine protease18, Senescence-specific cysteine protease SAG12, GRMZM2G070011",4S,Zm00001eb169010 ,100274134,ZEAMMB73_Zm00001d049113,"Wang, CL et al. 2022.",A Novel Senescence-Specific Gene (ZmSAG39) Negatively Regulates Darkness and Drought Responses in Maize,"Under drought stress, compared with WT plants, the ZmSAG39 knockout lines had a higher seed germination rate, seedling survival rate and chlorophyll content, and lower reactive oxygen species (ROS) level and malondialdehyde (MDA) content. ZmSAG39 negatively regulated some stress-related genes but positively regulated senescence-related genes under darkness and drought stress conditions.",36555622
ZmLBD5, LBD-transcription factor 5,"LOB15, GRMZM2G060544 ",1S,Zm00001eb019930 ,100275184,ZEAMMB73_Zm00001d029506,"Feng, XJ et al. 2022. ","ZmLBD5, a class-II LBD gene, negatively regulates drought tolerance by impairing abscisic acid synthesis","ZmLBD5 is mainly involved in regulation of the TPS-KS-GA2ox gene module, which comprises key enzymatic genes upstream of GA and ABA biosynthesis. The insufficiency of ABA increases stomatal density and aperture in overexpressed plants, and causes the drought sensitive phenotype by promoting water transpiration.",36305873
ZmHsf08,HSF-transcription factor,"ZmHSFA2-4, hsftf1, heat stress transcription factor B-1, GRMZM2G002131",2L,Zm00001eb100770 ,103647483,ZEAMMB73_Zm00001d005888,"Wang, J et al. 2021.",A novel heat shock transcription factor (ZmHsf08) negatively regulates salt and drought stress responses in maize,"Overexpression of ZmHsf08 in maize resulted in enhanced sensitivity to salt and drought stresses, displaying lower survival rates, higher reactive oxygen species (ROS) levels, and increased malondialdehyde (MDA) contents compared with wild-type (WT) plants.",34769354
ZmNCP1,ABP Nine Complex Protein 1,"Ninja-family protein 1, NNJA3_mazie, AC197717.3_FG002",9L,Zm00001eb400170 ,100192929,ZEAMMB73_Zm00001d048085,"Zong, N et al. 2020.",Maize NCP1 negatively regulates drought and ABA responses through interacting with and inhibiting the activity of transcription factor ABP9," NCP1 over-expressing Arabidopsis plants exhibited a reduced sensitivity to ABA and decreased drought tolerance. NCP1, a NINJA family protein lacking EAR motif, acts as a negative regulator of ABA signaling by interacting with and inhibiting the activity of transcriptional activator ABP9.",31894455
ZmDUF1645,-,"proline-rich receptor-like protein kinase PERK7, GRMZM2G374074",4L,Zm00001eb209140 ,103654965,ZEAMMB73_Zm00001d053995,Yaqi Li et al. 2023.,"Ectopic Expression of a Maize Gene ZmDUF1645 in Rice Increases Grain Length and Yield, but Reduces Drought Stress Tolerance","enhanced expression significantly altered various traits in transgenic rice plants, including increased grain length, width, weight, and number per panicle, resulting in a significant increase in yield, but a decrease in rice tolerance to drought stress; may regulate grain size and affect yield through the cytokinin signaling pathway",37372942
ZmDST44,,GRMZM2G385635,1L,Zm00001eb039150,118476108,-,"Chai, WB et al. 2024.",ZmDST44 Gene Is a Positive Regulator in Plant Drought Stress Tolerance,"encodes diphosphoribulose carboxylase in chloroplasts. Overexpression of ZmDST44 in Arabidopsis, rice, and maize resulted in significant enhancements in drought tolerance. Transgenic plants exhibited reduced malondialdehyde (MDA) levels, increased proline accumulation, and upregulation of drought-responsive genes compared to wild-type plants. Transgenic Arabidopsis and rice showed improved drought resistance and higher post-drought recovery rates, and transgenic maize displayed lower sensitivity to drought stress. ",39194490
ZmGRAS72,GRAS-transcription factor 72,"scarecrow-like protein 30, GRMZM2G368909",1L,Zm00001eb062760 ,103644258,ZEAMMB73_Zm00001d034664, Meng She et al. 2024.,Functional analysis of maize GRAS transcription factor gene ZmGRAS72 in response to drought and salt stresses.,"ZmGRAS72 significantly improves Arabidopsis thaliana tolerance to drought and salt stresses. ZmGRAS72 regulates NCED3, ABI1, ABI2, ABI4, ABI5, RD22, RD29A and KIN1 under abiotic stress. ZmGRAS72 is involved in maize response to abiotic stress.",-
ZmNHL2 ,NDR1/HIN1-Like protein 2 ,"hin6, hairpin-induced6, ZmNHL30",6L,Zm00001eb284140 ,100273348,ZEAMMB73_Zm00001d037751," Wang, GR et al. 2024.",ZmNHL2 enhances drought tolerance by regulating the expression of stress-responsive genes and ABA signaling pathway in maize.,"ZmNHL2 contains stress response cis-regulatory elements and ABRE response elements and has positive responses to drought, high temperature, salt stress, and exogenous ABA treatment. ZmNHL2-overexpression lines showed upright leaves and less wilting and yellowing. Moreover, the relative water content (RWC), and the activities of superoxide dismutase (SOD) and peroxidase (POD) in the ZmNHL2-overexpression transgenic Arabidopsis and maize plants were higher than that of the WT plants, indicating that the overexpression of ZmNHL2 enhances maize tolerance to drought stress. ZmNHL2-overexpression transgenic plants exhibited higher expression levels of the drought-responsive genes ZmPOD1 and ZmDREB2A, and the ABA-related genes ZmNCED and ZmABF2 under drought-stressed conditions. ",-
ZmNAC55,NAC transcription factor 55,"nactf118, ZmSNAC11, NAC transcription factor NAM-B2 ",8S,Zm00001eb334160 ,103634720,ZEAMMB73_Zm00001d008399," Fan, K et al. 2024. ",A novel NAC transcription factor ZmNAC55 negatively regulates drought stress in Zea mays.,"negatively regulates drought stress; underexpression in maize enhanced drought tolerance with lower water loss, higher survival rate, lower membrane ion leakage and lower expression levels of some drought-related genes. ZmNAC55 can activate ZmHOP3 expression by binding to its promoter.",39067103
ZmPHR1,Phosphate starvation response1,"ZmMYB191, ZmMYB-CC1, glk17, G2-like-transcription factor 17",1S,Zm00001eb015750 ,100382084,ZEAMMB73_Zm00001d029020,Meng-Zhi Tian et al. 2024.,ZmPHR1 contributes to drought resistance by modulating phosphate homeostasis in maize.,"The ZmPHR1-OE lines exhibited drought-resistant phenotypes and reduced stomatal apertures, whereas the opposite was true of the zmphr1 mutants. Overexpression improves drought tolerance in maize seedlings. Overexpression of ZmPHR1 enhances maize Pi accumulation and yields",39037027
ZmBAM8,β-amylase 8,"amyb6, GRMZM2G025833",5S,Zm00001eb222250 ,100281141,ZEAMMB73_Zm00001d014083," Niu, LJ et al. 2024.",Leaf starch degradation by β-amylase ZmBAM8 influences drought tolerance in maize,"Compared with ZmBAM8-KO plants, ZmBAM8-OE plants exhibited increased drought tolerance. Induced in the vascular bundle sheath by drought, osmotic stress, and abscisic acid.",39227118
ZmCRK1,calcium-dependent protein kinase-related kinase1,"php20909b, GRMZM2G015703",7L,Zm00001eb328990 ,100383313,ZEAMMB73_Zm00001d022305, Jinjie Liu et al. 2024.,ZmCRK1 negatively regulates maize's response to drought stress by phosphorylating plasma membrane H+-ATPase ZmMHA2.,"ZmCRK1 is a negative regulator of drought resistance in maize. ZmCRK1 negatively regulates maize drought stress response by inhibiting the activity of ZmMHA2. Overexpression causes water loss in detached leaves, low-survival rate after drought stress, and decreased sensitivity to stomatal closure induced by ABA.",39219030
ZmMHA2,membrane H(+)-ATPase2 ,"NZP6, non-zein protein6, A7 ortholog, GRMZM2G019404",2S,Zm00001eb067750 ,542048,ZEAMMB73_Zm00001d002006, Jinjie Liu et al. 2024.,ZmCRK1 negatively regulates maize's response to drought stress by phosphorylating plasma membrane H+-ATPase ZmMHA2.,ZmMHA2 positively regulates drought response. The zmmha2 mutants displayed more wilted phenotype than the WT seedlings under drought as reflected by their lower survival rate. The zmmha2 mutants had larger stomatal apertures than WT revealing their insensitivity to ABA. The zmmha2 mutants also exhibited a higher water loss rate of detached leaf,39219030
ZmWRKY65 ,WRKY-transcription factor 65,"WRKY 62, WRKY 4, GRMZM2G143765",6S,Zm00001eb264780 ,100191937,ZEAMMB73_Zm00001d035323," Huo, T et al. 2021. ",Overexpression of ZmWRKY65 transcription factor from maize confers stress resistances in transgenic Arabidopsis.,"Overexpression of ZmWRKY65 in transgenic Arabidopsis plants improved tolerance to both pathogen attack and drought. Overexpression of ZmWRKY65 improved tolerance to both pathogen attack and abiotic stress in transgenic Arabidopsis plants and activated several stress-related genes such as RD29A, ERD10, and STZ as well as pathogenesis-related (PR) genes such as PR1, PR2 and PR5.",33597656
ZmCPK14 , calcium dependent protein kinase14,"CDPK6, CDPK24",4L,Zm00001eb200920 ,542703,ZEAMMB73_Zm00001d053016,"Kong, X et al. 2013",Genome-wide identification and expression analysis of calcium-dependent protein kinase in maize.,The down-regulation of ZmCPK14 after the ABA treatment in maize suggesting that ZmCPK14 might act as a negative regulator in ABA signaling,23815483
ZmWRKY58,WRKY-transcription factor 58,WRKY109,5S,Zm00001eb218880,100192894,ZEAMMB73_Zm00001d013709,"Cai, Ronghao, et al. 2014",Overexpression of a maize WRKY58 gene enhances drought and salt tolerance in transgenic rice.,"ZmWRKY58 overexpressing transgenic plants had higher survival rates and relative water contents, but lower malonaldehyde contents and relative electrical leakage compared with wild-type plants, following drought and salt stress treatments, suggesting that overexpression of ZmWRKY58 leads to enhanced tolerance to drought and salt stresses in transgenic rice.",-
ZmMAPK1 ,Mitogen-activated protein kinase 1,"simk1, salt-induced MAP kinase1, GRMZM2G127141",9L,Zm00001eb393610,542144,ZEAMMB73_Zm00001d047349,"Wu, Liuji et al. 2015",Overexpression of ZmMAPK1 enhances drought and heat stress in transgenic Arabidopsis thaliana.,"ZmMAPK1 plays a positive role in response to drought and heat stress in Arabidopsis. Over-expression of  ZmMAPK1 can increase proline content and decrease malondialdehyde content under drought, and prevent chlorophyll loss and the production of scavenger reactive oxygen species under heat stress. ",26008677
ZmATHB-6,homeobox-leucine zipper protein ATHB-6,"HB41, Homeobox-transcription factor 41, GRMZM2G117164",5L,Zm00001eb248930,100285460,ZEAMMB73_Zm00001d017422,"Jiao, Peng et al. 2022",Overexpression of the homeobox-leucine zipper protein ATHB-6 improves the drought tolerance of maize (Zea mays L.).,"Overexpression of ATHB-6 in maize activated the expression of critical genes in the ROS signals pathway and ABA-dependent pathway under drought tolerance.  ATHB-6 could promote root growth and activities of a series of ROS-scavenging enzymes in maize. The malondialdehyde content was lower than the wild type under drought tolerance, proving that the introduction of the ATHB-6 gene can improve the drought tolerance of plants.",35151445
ZmHDZ4,homeodomain-leucine zipper,"Homeobox-transcription factor 66, GRMZM2G351330, homeobox-leucine zipper protein HOX22",2S,Zm00001eb075230,103646132,ZEAMMB73_Zm00001d002799,"Xie, XW et al. 2024",Functional study of ZmHDZ4 in maize (Zea mays) seedlings under drought stress.,"Under drought-stressed conditions, transgenic maize plants overexpressing ZmHDZ4 exhibited significantly higher relative water content and peroxidase (POD) and superoxidase dismutase (SOD) activities compared to wide-type plants, while displaying lower malondialdehyde (MAD) content. ZmHDZ4 is involved in the regulation of drought stress tolerance in maize by participating in osmotic regulation, sugar metabolism pathways, and hormone regulation.",39701983
ZmbHLH36 ,bHLH-transcription factor 36,"bHLH99, GRMZM2G008691",4L,Zm00001eb193920,100193615,ZEAMMB73_Zm00001d052192, Zhenggang Dai et al. 2024,Heterologous expression of the maize transcription factor ZmbHLH36 enhances abiotic stress tolerance in Arabidopsis.,Transgenic Arabidopsis plants harboring ZmbHLH36 exhibited significantly enhanced drought tolerance and salt tolerance compared to the corresponding non-transgenic plants. Malondialdehyde contents were lower and peroxidase activity was higher in ZmbHLH36-expressing Arabidopsis plants than in the corresponding non-transgenic plants.,39279862
ZmFKBP20-1,FK506-binding protein,"ppi2 - peptidyl-prolyl cis-trans isomerase2, GRMZM2G035922",6L,Zm00001eb289600 ,100280699,ZEAMMB73_Zm00001d038368,"Yu, Yanli, et al. 2017",ZmFKBP20-1 improves the drought and salt tolerance of transformed Arabidopsis.,"During drought and salt stresses, ZmFKBP20-1 transgenic Arabidopsis plants exhibited enhanced tolerance, which was concomitant with the altered expression of stress/ABA-responsive genes, such as COR15a, COR47, ERD10, RD22, KIN1, ABI1, and ABI2. ZmFKBP20-1 plays a positive role in drought and salt stress responses in Arabidopsis.",-
ZmABP9,ABRE binding protein 9,"ZmbZIP134, ABRE 1",3L,Zm00001eb147240,100502540,ZEAMMB73_Zm00001d042779,"Wang, Chunling et al. 2017","ABP9, a maize bZIP transcription factor, enhances tolerance to salt and drought in transgenic cotton.","Cotton plants over-expressing ABP9 have enhanced tolerance to salt and osmotic stress. Overexpression of ABP9 also enhanced oxidative stress tolerance, reduced cellular levels of reactive oxygen species (ROS) through increased activities of antioxidative enzymes, and alleviated oxidative damage to cell. ",28474114
ZmSBP17,SQUAMOSA promoter-binding protein 17,"tsh4, tassel sheath4, ZmSBP6, GRMZM2G307588",7L,Zm00001eb316740,542666,ZEAMMB73_Zm00001d020941,"Sun, Lifang et al. 2024",The maize gene ZmSBP17 encoding an SBP transcription factor confers osmotic resistance in transgenic Arabidopsis.,"Overexpression of ZmSBP17 in Arabidopsis significantly enhanced the expression of genes encoding superoxide dismutases (CSD1/2, MSD1), catalases (CAT1/2), ascorbate peroxidase 1 (APX1), and myeloblastosis transcription factors (AtMYB53/65), which increased the activity of reactive oxygen species (ROS)-scavenging enzymes and reduced ROS levels. ",39574449
ZmbZIP72,bZIP-transcription factor 72,"bZIP 123, GRMZM2G002075",2L,Zm00001eb100750,100191233,ZEAMMB73_Zm00001d005884,"Ying, Sheng et al. 2012","Cloning and characterization of a maize bZIP transcription factor, ZmbZIP72, confers drought and salt tolerance in transgenic Arabidopsis.","Heterologous overexpression of ZmbZIP72 improved drought and partial salt tolerance of transgenic Arabidopsis plants, as determined by physiological analyses of leaf water loss, electrolyte leakage, proline content, and survival rate under stress. Moreover, overexpression of ZmbZIP72 enhanced the expression of ABA-inducible genes such as RD29B, RAB18, and HIS1-3. ",21866346
ZmbHLH180,bHLH-transcription factor 180,"bHLH transcription factor GBOF-1, bHLH 137",7L,Zm00001eb318020,100282732,-,"Wang, CH et al. 2025",ZmbHLH180 promotes drought-induced chlorophyll degradation by directly activating NON-YELLOW COLORING in maize (Zea mays).,directly binds to the NYC promoter to promote chlorophyll degradation. Overexpression accelerates chlorophyll degradation and promotes leaf senescence.,40712471
ZmDnaJ3,chaperone DnaJ-domain superfamily protein,-,1S,Zm00001eb014050,100273261,-, Ke Shi et al. 2025,Molecular characterization of Zea mays ZmDnaJ3: a key protein positively regulating heat and drought stress adaptation.,"Transgenic Arabidopsis expressing ZmDnaJ3 showed improved stress tolerance, with reduced oxidative damage and increased antioxidant enzyme activity under heat and drought.  ZmDnaJ3 interacts with ZmHSP19, suggesting a role in maize abiotic stress responses.",40675381
ZmbHLH137,bHLH-transcription factor 137,-,1L,Zm00001eb055830,100194106,-,"Cao, LR et al. 2025",Comprehensive transcriptome analysis provides molecular insights into the heterosis-associated drought tolerance and reveals ZmbHLH137 that promotes drought tolerance in maize seedlings. ,"Under drought stress, overexpressing plants revealed the lowest H2O2 and MDA content and also exhibited the higher glutathione peroxidase, catalase, peroxidase, and superoxide dismutase activities; knockout mutants exhibited the highest H2O2 and MDA content under drought and exhibited the lower oxidase activity",40487216
ZmRING-93,RING-type E3 ligase93,E3 ubiquitin-protein ligase,2S,Zm00001eb072390,100217100,-, Xiaotian Zhang et al. 2025,Overview of RING gene family in maize (Zea mays L.): ZmRING-93 enhances drought tolerance in transgenic Arabidopsis ,"Transgenic Arabidopsis plants overexpressing ZmRING-93 exhibited enhanced drought tolerance, with a lower water loss rate, further supporting the importance of ZmRING-93 in drought tolerance. ",40405093
ZmCAAX,CAAX amino terminal protease1,yellow plant 1 (yp1),10L,Zm00001eb426630 ,100217228,-, Xiaohu Li et al. 2025,Maize leaf yellowing gene ZmCAAX modulates growth and drought resistance by regulating abscisic acid contents through interaction with the ABA biosynthetic enzyme ZmNCED3.,"Overexpression of ZmCAAX increases drought sensitivity, whereas knockout mutants exhibit enhanced drought resistance. ZmCAAX physically interacts with ZmNCED3 and promotes its degradation. Under drought stress, the expression of ZmCAAX decreases, resulting in increased ZmNCED3 levels, which in turn promotes carotenoid degradation and ABA biosynthesis. ",40458027
ZmCMAL,chloroplast mraW methyltransferase like1,"plastid rRNA methyltransferase, chloroplast methyltransferase S-adenosyl-L-methionine-dependent like1",5S,Zm00001eb231840,103626596,-,"Kurt, F et al. 2025",Computational study of the plastid rRNA methyl transferase (CMAL) gene in higher plants and its role in drought and salt stresses,ZmCMAL gene is up-regulated under both drought and salt stress.,-
ZmCIPK33,calcineurin B-like-interacting protein kinase33,-,4L,Zm00001eb196030,100193758,-,Shan Jiang et al. 2025,ZmCIPK33 and ZmSnRK2.10 mutually reinforce the abscisic acid signaling pathway for combating drought stress in maize.,"ZmCIPK33 positively regulates drought resistance in maize. ZmCIPK33 physically interacts with and is enhanced by phosphorylation from ZmSnRK2.10. Drought stress can activate ZmCIPK33, which is partially dependent on ZmSnRK2.10. ZmCIPK33 phosphorylates ZmPP2C11 at Ser60, which leads to a reduction in the interaction between ZmPP2C11 and ZmEAR1 and weakens the phosphatase activity of ZmPP2C11, consequently, enhancing the activity of ZmSnRK2.10.",40226964
ZmSnRK2.10,SnRK2 serine threonine kinase10,,5S,Zm00001eb219160,100191972 ,-,Shan Jiang et al. 2025,ZmCIPK33 and ZmSnRK2.10 mutually reinforce the abscisic acid signaling pathway for combating drought stress in maize.,"ZmCIPK33 positively regulates drought resistance in maize. ZmCIPK33 physically interacts with and is enhanced by phosphorylation from ZmSnRK2.10. Drought stress can activate ZmCIPK33, which is partially dependent on ZmSnRK2.10. ZmCIPK33 phosphorylates ZmPP2C11 at Ser60, which leads to a reduction in the interaction between ZmPP2C11 and ZmEAR1 and weakens the phosphatase activity of ZmPP2C11, consequently, enhancing the activity of ZmSnRK2.10.",40226964
ZmGCT1,Guard Cell Turgor Maintaining 1 ,MAPKKK68 ,6L,Zm00001eb275520,109940182,-,Zhenkai Feng et al. 2025,ZmGCT1/2 negatively regulate drought tolerance in maize by inhibiting ZmSLAC1 to maintain guard cell turgor.,"Overexpression of ZmGCT1 and ZmGCT2 increased the sensitivity of maize to drought stress, while loss of function promoted drought stress resistance. Through stomatal closure analysis under abscisic acid (ABA) treatment in overexpression and mutant lines, it was shown that ZmGCT1 and ZmGCT2 are negative regulators of ABA-induced stomatal closure.",40208945
ZmGCT2,Guard Cell Turgor Maintaining 2,hlt1 - high leaf temperature 1,9L,Zm00001eb387440,100281535,-,Zhenkai Feng et al. 2025,ZmGCT1/2 negatively regulate drought tolerance in maize by inhibiting ZmSLAC1 to maintain guard cell turgor.,"Overexpression of ZmGCT1 and ZmGCT2 increased the sensitivity of maize to drought stress, while loss of function promoted drought stress resistance. Through stomatal closure analysis under abscisic acid (ABA) treatment in overexpression and mutant lines, it was shown that ZmGCT1 and ZmGCT2 are negative regulators of ABA-induced stomatal closure.",40208945
ZmbZIP89,bZIP-transcription factor 89,-,5L,Zm00001eb238570,100281364,-,"Li, PC et al. 2025",Natural variation in a cortex/epidermis-specific transcription factor bZIP89 determines lateral root development and drought resilience in maize,"Overexpression of ZmbZIP89 increased LR length (LRL) by 30% and enhanced drought tolerance, while CRISPR-Cas9 knockout of ZmPRX47 reduced LRL and ROS scavenging capacity. ZmbZIP89 as an important regulator of LR elongation and mapped its spatial expression pattern in cortex/epidermis cell types. ZmbZIP89 can activate the expression of ZmPRX47 to regulate the production of root reactive oxygen species homeostasis.",40215297
ZmPRX47,peroxidase47,-,3S,Zm00001eb129910,100285894,-,"Li, PC et al. 2025",Natural variation in a cortex/epidermis-specific transcription factor bZIP89 determines lateral root development and drought resilience in maize,"Activated by bzip89 to regulate the production of root reactive oxygen species homeostasis, contributing to increased lateral root length (LRL) and enhanced drought resistance",40215297
ZmNF-YC14,Nuclear factor-Y subunit C 14,CCAAT-HAP5-transcription factor 57,9L,Zm00001eb389900,100217109,-,Yimeng Wang et al. 2025,Overexpression of maize transcription factor ZmNF-YC14 positively regulates drought and salt stress responses in Arabidopsis thaliana,"Arabidopsis plants overexpressing ZmNF-YC14 demonstrated reduced levels of hydrogen peroxide, superoxide anion, and malondialdehyde while exhibiting increased peroxidase, catalase, and superoxide dismutase activities after drought and salt stress treatments. ZmNF-YC14 and ZmCONSTANS-LIKE16 might be involved in abiotic stress responses such as drought tolerance and salt tolerance in maize.",-
ZmCONSTANS-LIKE16,zinc finger protein CONSTANS-LIKE 16,"ZmBBX3, ZmCCT8, ZmCOL2 - C2C2-CO-like-transcription factor 2",1L,Zm00001eb054810,103643889,-,Yimeng Wang et al. 2025,Overexpression of maize transcription factor ZmNF-YC14 positively regulates drought and salt stress responses in Arabidopsis thaliana,"Arabidopsis plants overexpressing ZmNF-YC14 demonstrated reduced levels of hydrogen peroxide, superoxide anion, and malondialdehyde while exhibiting increased peroxidase, catalase, and superoxide dismutase activities after drought and salt stress treatments. ZmNF-YC14 and ZmCONSTANS-LIKE16 might be involved in abiotic stress responses such as drought tolerance and salt tolerance in maize.",-
ZmNF-YB10 ,Nuclear factor-Y subunit B 10,cadtfr6 - CCAAT-DR1-transcription factor 6,2L,Zm00001eb108760,103647828,-,Yimeng Wang et al. 2025,"ZmNF-YB10, a maize NF-Y transcription factor, positively regulates drought and salt stress response in Arabidopsis thaliana.","ZmNF-YB10 overexpression positively regulates responses to drought and salt stress. Overexpression lines showed reduced levels of hydrogen peroxide (H2O2), superoxide (O2-), and malondialdehyde (MDA) and increased activities of peroxidase (POD), catalase (CAT), and superoxide dismutase (SOD).",39718137
ZmZIM23,Zinc-finger Inflorescence Meristem 23,"TIFY27, ZmJAZ3, ZmJAZ20, ",7L,Zm00001eb327450,100276383,-,Tangnur Kaderbek et al. 2025,Identification of the maize drought-resistant gene Zinc-finger Inflorescence Meristem 23 through high-resolution temporal transcriptome analysis.,"Overexpression significantly enhances drought tolerance by improving water-use efficiency, reducing transpiration, and promoting biomass accumulation. Central regulator of drought tolerance.",-
ZmCYB5-1,cytochrome b5-1,-,2L,Zm00001eb095000,100272407,-," Che, RH et al. 2025","ZmCYB5-1, a cytochrome b5 Gene, negatively regulates drought stress tolerance in maize.",ZmCYB5-1 was significant down-regulated by both drought stress and ABA. ZmCYB5-1 overexpression reduced sensitivity to ABA in maize.,-
ZmDSD1,decreased stomatal density 1,"bhlh130, ICE2, ICE1, ICEb",4S,Zm00001eb170530,103652960,-," Zhou, WQ et al. 2025",DSD1/ZmICEb regulates stomatal development and drought tolerance in maize.,ZmICEb negatively regulates drought tolerance in maize. Mutation of ZmICEb increased drought tolerance of maize,40105588
ZmGRAS15,GRAS-transcription factor 15,gras51,2S,Zm00001eb081760,109944172,-,Dongmei Wang et al. 2025,GWAS and transcriptome analyses unravel ZmGRAS15 regulates drought tolerance and root elongation in maize. ,The overexpression of ZmGRAS15 in maize could significantly enhance drought tolerance through regulating primary root length at the seedling stage. ,-
ZmAPX2,ascorbate peroxidase2,-,2L,Zm00001eb112040,542476,-,Bai Gao et al. 2025,The overexpression of ascorbate peroxidase 2 (APX2) gene improves drought tolerance in maize. ,APX2 gene expression enhances maize drought resistance by reducing ROS content.,39963376
Zm4CL-like9,4-coumaric acid coenzyme A ligase,acsn2 - acyl-CoA synthetase2,2S,Zm00001eb083110,100283944,-,Jiayi Fan et al. 2025,Maize 4-coumarate coenzyme A ligase Zm4CL-like9 gene positively regulates drought stress response in Arabidopsis thaliana.,overexpression positively regulates drought stress response in Arabidopsis thaliana,39988889
ZmSK1,SHAGGY-like kinase 1 ,"ZmGSK2 - glycogen synthase kinase2, ZmBIN2",8S,Zm00001eb338190,100193185,-,"Xiang, Y et al. 2025",The maize GSK3-like kinase ZmSK1 negatively regulates drought tolerance by phosphorylating the transcription factor ZmCPP2.,"GSK3-like kinase SHAGGY-like kinase 1 (ZmSK1) negatively regulates drought tolerance by inhibiting antioxidant defense. Cysteine-rich Polycomb-like protein 2 (ZmCPP2) interacts with ZmSK1 and enhances maize drought tolerance by inducing antioxidant defense. ZmCPP2 is phosphorylated at Ser-250 by ZmSK1, which is dependent on ZmSK1 kinase activity and attenuates maize drought tolerance. ZmCPP2 directly binds to the promoter of the superoxide dismutase (SOD) gene ZmSOD4, encoding an antioxidant defense enzyme, and activates its expression. ZmSK1 phosphorylating ZmCPP2 at Ser-250 represses the binding of ZmCPP2 to the ZmSOD4 promoter. ",39928574
ZmCPP2,CPP(cysteine-rich polycomb-like protein)-transcription factor 2,tesmin/TSO1-like CXC domain containing protein,1L,Zm00001eb031300,100284254,-,"Xiang, Y et al. 2025",The maize GSK3-like kinase ZmSK1 negatively regulates drought tolerance by phosphorylating the transcription factor ZmCPP2.,"Cysteine-rich Polycomb-like protein 2 (ZmCPP2) interacts with ZmSK1 and enhances maize drought tolerance by inducing antioxidant defense. ZmCPP2 is phosphorylated at Ser-250 by ZmSK1, which is dependent on ZmSK1 kinase activity and attenuates maize drought tolerance. ZmCPP2 directly binds to the promoter of the superoxide dismutase (SOD) gene ZmSOD4, encoding an antioxidant defense enzyme, and activates its expression. ZmSK1 phosphorylating ZmCPP2 at Ser-250 represses the binding of ZmCPP2 to the ZmSOD4 promoter. ",39928574
ZmHB53,Homeobox-transcription factor 53,"ATHB-4, ZmHD-ZIP16",2S,Zm00001eb074830,100285975,-,"Zhong, Y et al. 2025","ZmHB53, a Maize Homeodomain-Leucine Zipper I Transcription Factor Family Gene, Contributes to Abscisic Acid Sensitivity and Confers Seedling Drought Tolerance by Promoting the Activity of ZmPYL4.","Compared to the wild-type, ZmHB53 overexpression lines show higher water retention, biomass, and survival rates, and reduced water loss and stomatal size under drought, suggesting ZmHB53's role in drought adaptation.",39829370
ZmPYL4,pyrabactin resistance-like protein,,9L,Zm00001eb396710,100281868,-,"Zhong, Y et al. 2025","ZmHB53, a Maize Homeodomain-Leucine Zipper I Transcription Factor Family Gene, Contributes to Abscisic Acid Sensitivity and Confers Seedling Drought Tolerance by Promoting the Activity of ZmPYL4.",ZmHB53 directly bound to and upregulated the expression of ABA receptor ZmPYL4. Transgenic plants overexpressing ZmPYL4 exhibit ABA sensitivity and drought tolerance. ,39829370
ZmPL1,Phylloplanin-like,-,1S,Zm00001eb016390,107521950,-,"Wang, CL et al. 2025",CRISPR-Cas9-mediated editing of ZmPL1 gene improves tolerance to drought stress in maize.,"Under drought stress, compared with overexpression lines, gene-edited lines had higher germination rate and seedling survival rate, lower accumulation of MDA, relative conductivity and ROS, higher antioxidant enzyme activity, and the expression levels of stress-related genes and ROS scavenging-related genes were significantly increased. Exogenous application of ABA to each lines under drought stress attenuated the damage caused by drought stress on ZmPL overexpressing plants. In summary, ZmPL1 negatively regulates drought tolerance in maize.",39819332
ZmJAZ13,Jasmonate ZIM-domain protein 13,zim35 - ZIM-transcription factor 35,4S,Zm00001eb179390,100285509,-,Shipeng Zhang et al. 2025,The TIFY Transcription Factor ZmJAZ13 Enhances Plant Tolerance to Drought and Salt Stress by Interacting with ZmbHLH161 and ZmA0A1D6GLB9.,"Heterologous expression of ZmJAZ13 in Arabidopsis significantly enhanced plant tolerance to drought and salt stress, increased chlorophyll content, decreased malondialdehyde content, and enhanced peroxidase activity. Under abiotic stress, heterologous expression of ZmJAZ13 in Arabidopsis upregulated the expression levels of stress-related genes (RD22, RD29-A). ZmJAZ13 interacts with ZmbHLH161 and ZmA0A1D6GLB9 to significantly improve plant tolerance to drought and salt stresses.",-
ZmARF1,ARF(auxin response factor)-transcription factor 1,-,1L,Zm00001eb035640,103642400,-,"Liu, L et al. 2024",Maize auxin response factor ZmARF1 confers multiple abiotic stresses resistances in transgenic Arabidopsis.,"ZmARF1 overexpression in Arabidopsis confers drought tolerance. ZmARF1 bound to the auxin response element (AuxRE) in the promoter of POX and enhanced its transcription to mediate tolerance to oxidative stress imposed by low Pi, drought and salt stress in the transgenic seedlings. ",38878261
ZmATHB14,Homeobox-leucine zipper protein ATHB-14,"ZmHB119, ZmHD-ZIP09",1L,Zm00001eb031670,100279785,-,"Wei, XT et al. 2025",miR166e/ZmATHB14 module contributes to drought tolerance in maize root.,"Under drought stress, KO-miR166e alters ZmATHB14 expression and exhibits the opposite properties of miR166e. ZmATHB14 positively regulates the tolerance to drought stress. Furthermore, ZmATHB14, linked to the GTAATGATTAC cis-element, can activate transcription within the nucleus. Under drought stress, miR166e and ZmATHB14 contribute to vascular development and control ROS homeostasis. ",39793806
ZmGST2 ,glutathione S-transferase2,"ZmGSTF2, GST4, ZmHSP33",10L,Zm00001eb418060,542311,-,Xiaocui Yan et al. 2025,CHH demethylation in the ZmGST2 promoter enhances maize drought tolerance by regulating ROS scavenging and root growth.,"Overexpression of ZmGST2 could enhance the reactive oxygen species scavenging ability in maize roots, improve root growth, and significantly enhance drought resistance. The results indicated that the expression level of ZmGST2 was closely related to the methylation status of its promoter region under drought stress.",40826040
ZmTST1,Tonoplast Sugar Transporter 1,ZmTMT1 - monosaccharide transporter,1S,Zm00001eb022230,100285573,-,Nan Sun et al. 2025,"Tonoplast Sugar Transporter ZmTST1 Positively Regulates Plant Growth, Salt and Drought Tolerance.",ZmTST1 was upregulated by NaCl and drought stresses. ZmTST1 restored the impaired growth of Arabidopsis double-knockout mutant (attst1-2::tDNA). ZmTST1 improved the salt and drought resistance of transgenic Arabidopsis. ZmTST1 promoted the reactive oxygen species scavenging in transgenic plants.,40829341
ZmPOD5,peroxidase 5,"px5, ZmPRX47",6L,Zm00001eb282430,100273479,-,"Li, R et al. 2025",ZmPOD5 positively regulates drought tolerance by modulating ROS production.,"ZmPOD5 overexpression lines showed enhanced drought tolerance, as evidenced by the improved survival rates and increased relative water content (RWC), alleviating water loss rate, malondialdehyde (MDA) content, relative electrical conductivity (REC), O2- content, and reactive oxygen species (ROS) accumulation, whereas enhancing the activities of ROS-scavenging/antioxidant enzymes such as superoxide dismutase (SOD) and peroxidase (POD).",40774573
ZmDHN3,Dehydrin 3,"ZmLEA24, ZmRD17",4L,Zm00001eb187010,542251,-,Yongfeng Xie et al. 2025,Comprehensive analysis of dehydrin genes reveals ZmDHN3 contributes to drought resistance in maize (Zea Mays L.). ,"Overexpression of ZmDHN3 in maize enhanced drought tolerance, with higher relative water content and lower relative electrolyte leakage compared with wild-type maize plants. ",40898023
ZmATG18a,autophagy18a,-,8L,Zm00001eb363500,103636317,-,Ziming Wang et al. 2025,Identification of the ZmATG18 subfamily genes in maize and the role of ZmATG18a in drought stress,ZmATG18a plays a positive role in drought stress since the stop-of-gain EMS mutant of ZmATG18a was more sensitive to drought stress whereas the Mutator mutant which showed higher ATG18a expression was less sensitive to drought stress. ,40859143
ZmCNX6,cofactor of nitrate reductase and xanthine dehydrogenase6,vp-like5,4L,Zm00001eb208120,100284923,-,Yuxin Chen et al. 2025,Molybdenum cofactor biosynthesis gene ZmCNX6 regulates vivipary and drought tolerance in maize. ,Overexpression of ZmCNX6 not only enhanced the activities of MoCo-dependent enzymes but also improved drought tolerance in maize.,-
