Gene symbol,Gene name,Synonyms,Chromosome,NCBI Identifier,RAP Identifier,Oryzabase Trait Gene ID,MSU_Locus tag,NCBI_Locus tag,Reference,Reference_title,Description,PMID
OsWRKY97 ,probable WRKY transcription factor 29,WRKY97,12,9269857,Os12g0116400,9229,LOC_Os12g02420,OSNPB_120116400,"Lv, Miaomiao, et al.2023","OsWRKY97, an Abiotic Stress-Induced Gene of Rice, Plays a Key Role in Drought Tolerance","WRKY DNA binding domain containing protein, Positive regulation of drought tolerance",37765501
OsTZF1,Zinc finger CCCH domain-containing protein 35,"C3H35, OsC3H35, OsCCCH-Zn-3",5,4338037,Os05g0195200,8600,LOC_Os05g10670,OSNPB_050195200,"Huang, Yifeng, et al. 2022",Multifaceted roles of zinc finger proteins in regulating various agronomic traits in rice,"Zinc finger CCCH domain-containing protein 35, Protein DELAY OF THE ONSET OF SENESCENCE-like, CCCH-tandem zinc finger protein, Photomorphogenesis and ABA responses, Abiotic stress tolerance",35958192
OsDST,"Drought and Salt Tolerance gene, zinc finger transcription factor DST, DLN repressor 102, DLN motif protein 102, heat stress-tolerant 1","DST, DLN102, OsDLN102, HST1, OsHST1",3,4334350,Os03g0786400,11731,LOC_Os03g57240,OSNPB_030786400,"Huang, Yifeng, et al. 2022",Multifaceted roles of zinc finger proteins in regulating various agronomic traits in rice.,"C2H2 zinc finger transcription factor, negatively regulating drought and salt tolerance, Stomatal aperture control, Control of leaf width",35958192
OsFLP,FOUR LIPS,FLP,7,4343977,Os07g0627300,16308,LOC_Os07g43420,OSNPB_070627300,"Qu, Xiaoxiao, et al. 2022",A Rice R2R3-Type MYB Transcription Factor OsFLP Positively Regulates Drought Stress Response via OsNAC,"MYB124, R2R3 MYB transcription factor, Regulation of the orientation of guard mother cell (GMC) symmetrical division, drought tolerance, Salt tolerance",35682553
OsHAK1,"Low Cs accumulation, High-affinity Potassium(K+) Transporter 1, Potassium transporter 1","LCS, HAK1",4,4335729,Os04g0401700,8655,LOC_Os04g32920,OSNPB_040401700,"Geng, Anjing, et al. 2024",Molecular Mechanisms and Regulatory Pathways Underlying Drought Stress Response in Rice,"a drought-responsive gene that regulates K+ homeostasis to improve drought resistance in rice, Potassium transporter, Potassium mediated growth, Salt tolerance",38256261
OsEF1A ,"rice elongation factor 1A (eEFIA)-4, rice elongation factor 1A-4, ELONGATION FACTOR 1A, Elongation factor 1-alpha, EF-1-alpha, Eukaryotic elongation factor 1-alpha, elongation factor 1 alpha","RFA4, REFA4, refa4, eEF-1a, OsEF-1a, EF1A, eIF-1-alpha",3,4331811,Os03g0177500,2072,LOC_Os03g08020,OSNPB_030177500,"Gu, Qing, et al. 2023",Eukaryotic Translation Elongation Factor OsEF1A Positively Regulates Drought Tolerance and Yield in Rice,"Eukaryotic translation elongation factor, Positive regulation of drought tolerance, Positive regulation of tillering and yield",37514208
OsMADS23,"MADS box gene23, MADS-box transcription factor 23",MADS-23,8,4345644,Os08g0431900,3090,LOC_Os08g33488,OSNPB_080431900,"Li, Xingxing, et al. 2021",OsMADS23 phosphorylated by SAPK9 confers drought and salt tolerance by regulating ABA biosynthesis in rice,"MADS-box transcription factor 23, Regulation of ABA biosynthesis, Drought and salt tolerance, Osmotic stress tolerance",34343171
OsWRKY55,Rice WRKY gene55,-,3,4332680,Os03g0321700,6569,LOC_Os03g20550,OSNPB_030321700,"Huang, Kai, et al. 2021",Rice Transcription Factor OsWRKY55 Is Involved in the Drought Response and Regulation of Plant Growth,"WRKY transcription factor, Component in the signal transduction pathways of auxin response, drought tolerance, Disease resistance",33919349
OsMLP423,Major latex protein 423,MLP423,4,4336091,Os04g0465600,24887,LOC_Os04g39150,OSNPB_040465600,"Zhou, Zhanmei, et al. 2022",OsMLP423 Is a Positive Regulator of Tolerance to Drought and Salt Stresses in Rice,"Major latex protein, Bet v1 family protein, Positive regulation of drought and salinity tolerance",35807608
OsPM1,"Plasma membrane protein 1, AWPM-19-like protein 1","AWPM-19, PM19, PM1, OsPM-1, OsPM19L1, PM19L1, OsAWPM-19, OsPM19",5,4338635,Os05g0381400,15516,LOC_Os05g31670,OSNPB_050381400,"Wang, Wei, et al. 2021",OsPM1 is a positive regulator of rice tolerance to drought stress but a negative regulator of rice tolerance to salt stress,"AWPM-19-like protein, drought and stress tolerance through ABA-dependent pathway",-
OsCIPK23,"Calcineurin b-like protein-interacting protein kinase 23, CBL-interacting protein kinase 23, Sucrose nonfermenting-1-related protein kinase 3.23","CIPK23, OsSnRK3.23, SnRK3.23",7,4342410,Os07g0150700,7410,LOC_Os07g05620,OSNPB_070150500,"Yang, Wenqiang, et al. 2008",Calcineurin B-like interacting protein kinase OsCIPK23 functions in pollination and drought stress responses in rice (Oryza sativa L.),"Serine/threonine protein kinase, Pollination and drought stress (tolerance) responses, Reguration of potassium uptake by CBL1-CIPK23 complex",18804072
OsFes1A,Hsp70 nucleotide exchange factor Fes1,Armadillo-like helical domain containing protein.,3,4334611,Os03g0822700,25703,LOC_Os03g60780,OSNPB_030822700,"Xu, M., Zhang, M., Tu, Y., & Zhang, X. (2024).",Overexpression of the OsFes1A increased the phytosterols content and enhanced drought and salt stress tolerance in Arabidopsis,"The germination rate of transgenic Arabidopsis was significantly higher than WT under stress (salt, ABA, and drought treatment). In transgenic plants, the average content of campesterol was 17.6% higher than that of WT, and the average content of β-sitosterol reached 923.75 μg/g, with an increase of 1.33-fold.",38319323
OsNAC120,NAC domain-containing protein 120,protein CUP-SHAPED COTYLEDON 1,10,4348901,Os10g0477600,15881,LOC_Os10g33760,OSNPB_100477600,"Xie Z., Jin L., Sun Y., Zhan C., Tang S., Qin T., Liu N., Huang J. 2024",OsNAC120 balances plant growth and drought tolerance by integrating GA and ABA signaling in rice. Negative regulation of drought tolerance by repressing ABA-induced stomatal closure,"knockout of OsNAC120 inhibits plant growth but enhances drought tolerance, whereas OsNAC120 overexpression produces the opposite results.",38148603
OsFAR1,Fatty acyl-CoA reductase 1,-,9,4347887,Os09g0567500,23069,LOC_Os09g39410,OSNPB_090567500,"Guan, Lulu, et al.2023",OsFAR1 is involved in primary fatty alcohol biosynthesis and promotes drought tolerance in rice.,"OsFAR1 was activated by abiotic stresses and abscisic acid, resulting in increased production of primary alcohol in rice. OsFAR1 overexpression lines exhibited reduced cuticle permeability and enhanced drought tolerance in rice and Arabidopsis.",37344696
OsOLP1,Osmotin-like protein 1,PR5,1,4327387,Os01g0839900,23075,LOC_Os01g62260,OSNPB_010839900,"Yan, Jianpei, et al. 2023",OsOLP1 contributes to drought tolerance in rice by regulating ABA biosynthesis and lignin accumulation.,"Transgenic rice plants overexpressing OsOLP1 showed high drought tolerance with leaf water content of up to 65%, and a survival rate of 53.1% by regulating 96% stomatal closure and more than 2.5-fold proline content promotion through the accumulation of 1.5-fold endogenous ABA, and enhancing about 50% lignin synthesis. ",37324705
OsHAD3,Haloacid dehalogenase-like hydrolase 3,"OsHADL, haloacid dehalogenase-like hydrolase",3,4332401,Os03g0273800,24121,LOC_Os03g16670,OSNPB_030273800,"Zan, Xiaofei, et al. 2023","Overexpression of OsHAD3, a Member of HAD Superfamily, Decreases drought tolerance of Rice.","Under drought stress, overexpression of OsHAD3 increases the accumulation of reactive oxygen species and malondialdehyde than wild type. OsHAD3-overexpression lines decreased but antisense-expression lines increased the roots length under drought stress and the transcription levels of many well-known stress-related genes were also changed in plants with different genotypes.",37468664
OsSPL10,Squamosa promoter-binding-like protein 10,"OsSST, seedling salt tolerant",6,4341729,Os06g0659100,6893,LOC_Os06g44860,OSNPB_060659100,"Li, Yingxiu, et al. 2023",Variations in OsSPL10 confer drought tolerance by directly regulating OsNAC2 expression and ROS production in rice.,"OsSPL10 appears to play a vital role in drought tolerance by controlling reactive oxygen species (ROS) production and stomatal movements. knockout of OsSPL10 induced fast stomatal closure and prevented water loss, thereby improving drought tolerance in rice. ",36401566
OsDSR2,DUF966-stress repressive gene 2,protein SOSEKI 5,1,4327381,Os01g0839200 ,15439,LOC_Os01g62200,OSNPB_010839200,"Luo, Chengke, et al. 2023",The suppressed expression of a stress responsive gene 'OsDSR2' enhances rice tolerance in drought and salt stress.,OsDSR2 knockdown exhibited improved salt and drought stress tolerance. OsDSR2 negatively affected rice's ability to withstand salt and drought.,36682133
OsWRKY76 ,WRKY transcription factor 76,-,9,4347069,Os09g0417600,6591,LOC_Os09g25060,OSNPB_090417600,"Zhang, Mingxing, et al. 2023",OsWRKY76 positively regulates drought stress via OsbHLH148-mediated jasmonate signaling in rice.,OsWRKY76 knockout weakened drought tolerance at the seedling stage and decreased MeJA sensitivity. ,37089644
OsIPA1,Ideal Plant Architecture 1,"OsSPL14/WFP, Squamosa promoter-binding-like protein 14, Wealthy Farmer's Panicle",8,4345998,Os08g0509600,8877,LOC_Os08g39890,OSNPB_080509600,"Chen, Feihe, et al. 2023",IPA1 improves drought tolerance by activating SNAC1 in rice.,"IPA1-knockout plants showed much greater accumulation of H2O2 as measured by 3,3'-diaminobenzidine staining in leaves compared with WT plants. IPA1 plays a positive role in drought-stress tolerance by inducing reactive oxygen species scavenging in rice. ",36698063
OsANN9,Annexin 9,"OsANN4, Annexin 4, annexin  D3",5,4338646,Os05g0382900,15467,LOC_Os05g31760,OSNPB_050382900,"Jia, Yangyang, et al. 2023",Rice OsANN9 Enhances Drought Tolerance through Modulating ROS Scavenging Systems.,"Rice annexin protein, OsANN9, which in addition to regular annexin repeats and type-II Ca2+ binding sites, also consists of a C2H2-type zinc-finger domain. plants that overexpressed OsANN9 had increased survival rates under drought stress. In addition, the overexpression of OsANN9 increased superoxide dismutase (SOD), peroxidase (POD) and catalase (CAT) activities, which regulate reactive oxygen species homeostasis. ",38139326
OsGSTU17,TAU Glutathione S-transferase 17,"OsGST23, Glutathione S-transferase 23",9,4347319,Os09g0467200,7268,LOC_Os09g29200,OSNPB_090467200,"Li, Jinyan, et al. 2023","OsGSTU17, a Tau Class Glutathione S-Transferase Gene, Positively Regulates Drought Stress Tolerance in Oryza sativa.","Under drought conditions, compared with the WT, the expressions of the drought stress-related genes OsNAC10, OsDREB2A, OsAP37, OsP5CS1, OsRAB16C, OsPOX1, OsCATA, and OsCATB in the osgtu17 mutant lines were significantly decreased. Knocking out OsGSTU17 significantly reduced the drought tolerance of rice.",37687412
OsAPX7,Ascorbate Peroxidase 7,-,4,4335896,Os04g0434800,8957,LOC_Os04g35520,OSNPB_040434800,"Jardim-Messeder, Douglas, et al. 2023",Stromal ascorbate peroxidase (OsAPX7) modulates drought stress tolerance in rice (Oryza sativa).,"Under drought stress, silenced plants (APX7i) show a higher capacity to maintain stomata aperture and photosynthesis performance, resulting in a higher tolerance when compared to non-transformed plants. During drought stress, APX7i showed an up-regulation of genes encoding flavonoid and tyrosine metabolism enzymes and a down-regulation of genes related to phytohormones signal transduction and nicotinate and nicotinamide metabolism. ",36829946
OsSAPK3,stress/ABA-activated protein kinase 3,"REK, rice endosperm protein kinase, OsSnRK2.3, Sucrose nonfermenting-1-related protein kinase 2.3",10,4349411,Os10g0564500,9811,LOC_Os10g41490,OSNPB_100564500,"Lou, Dengji, et al. 2023",Molecular characterization reveals that OsSAPK3 improves drought tolerance and grain yield in rice.,"The expression of OsSAPK3 was up regulated by drought, NaCl, PEG and ABA. under drought conditions, mutants showed more intolerance to drought, including decreased survival rate, increased water loss rate, increased stomatal conductance and significantly decreased expression levels of SLAC1 and SLAC7. OsSAPK3 could improve rice yield by indirectly regulating tiller number and grain size. ",36694135
OsSOS2 ,Salt overly sensitive 2,"OsCIPK24, OsSnRK3.22CBL-interacting protein kinase 24, low-cesium rice mutant 1, Sucrose nonfermenting-1-related protein kinase 3.22",6,4341477,Os06g0606000,7412,LOC_Os06g40370,OSNPB_060606000,"Kumar, Gautam, et al. 2022",Unraveling the contribution of OsSOS2 in conferring salinity and drought tolerance in a high‐yielding rice.,"OsSOS2, a SOS2 homolog from rice, improves salinity and drought tolerance.",35092312
OsSGT1,Suppressor of the G2 allele of skp1,subunit of the SCF ubiquitin ligase complex,1,4326682,Os01g0624500,11520,LOC_Os01g43540,OSNPB_010624500,"Li, Ruiqing, et al. 2022",Melatonin promotes SGT1-involved signals to ameliorate drought stress adaption in rice.,OsSGT1 was involved in the drought response of rice and melatonin promoted SGT1-involved signals to ameliorate drought stress adaption.,35054782
OsTZF7,Tandem zinc finger protein 7,"OsC3H37, Zinc finger CCCH domain-containing protein 37",5,4339379,Os05g0525900,8602,LOC_Os05g45020,OSNPB_050525900,"Guo, Chiming, et al. 2022",RNA binding protein OsTZF7 traffics between the nucleus and processing bodies/stress granules and positively regulates drought stress in rice.,The expression of OsTZF7 was upregulated by abiotic stresses. The overexpression of OsTZF7 increased drought tolerance and enhanced sensitivity to exogenous ABA in rice.,35265093
OsbHLH057,Basic helix-loop-helix protein 057,"OsPRI4, Positive Regulator Of Iron Homeostatis 4, transcription factor ILR3, OsMYC1",7,4343509,Os07g0543000,15347,LOC_Os07g35870,OSNPB_070543000,"Liu, Jiazong, et al. 2022",OsbHLH057 targets the AATCA cis-element to regulate disease resistance and drought tolerance in rice.,"Overexpressing OsbHLH057 enhanced rice disease resistance and drought tolerance, while knocking out OsbHLH057 made rice more susceptible to pathogens and drought. ",35278106
OsCCA1,Circadian clock associated 1,"OsLHY, OsLEM1,OsNhd1, OsDLN203, Late Elongated Hypocotyl, DLN repressor 203, DLN motif protein 203, lvp1 enhancer mutant 1, N-mediated heading date1",8,4344703,Os08g0157600,7275,LOC_Os08g06110,OSNPB_080157600,"Wei, Hua, et al. 2022",Rice CIRCADIAN CLOCK ASSOCIATED 1 transcriptionally regulates ABA signaling to confer multiple abiotic stress tolerance.,"OsCCA1 plays an essential role in conferring rice tolerance to multiple abiotic stresses, including salt, osmotic, and drought. oscca1 mutants also displayed hypersensitivity to drought stress, with two to three-fold reduction of survival rate compared to WT plants",35512208
OsSalT,Salt tolerance-1,"SALT, OsJRL, OsMBL1, OsL43, Mannose-Binding Lectin 1, Jacalin-related lectin 1",1,4326471,Os01g0348900,451,LOC_Os01g24710,OSNPB_010348900,"Kaur, Navdeep, et al. 2022",OsSalT gene cloned from rice provides evidence of its role in salinity and drought stress tolerance.,OsSalT transgenic tobacco plants showed increased tolerance to salinity and drought stress. OsSalT regulates the Reactive Oxygen Species (ROS) generating and scavenging system. OsSalT gene modulate ABA and GA signaling pathways,35643601
OsNAC016,NAC domain-containing protein 16,-,1,4326293,Os01g0104200,15826,LOC_Os01g01430,OSNPB_010104200,"Wu, Qi, et al. 2022",OsNAC016 regulates plant architecture and drought tolerance by interacting with the kinases GSK2 and SAPK8.,"Negative modulation of ABA-mediated drought tolerance, positive regulation of BR-regulated rice architecture.",35333328
OsLPA1,Loose Plant Architecture 1,"OsIDD14, OsZOS1-06, indeterminate domain 14, zinc-finger protein TFIIIA class of Oryza sativa 1-06",3,9270511,Os03g0237250,13161,LOC_Os03g13400,OSNPB_030237250,"Priatama, Ryza A., et al. 2022",Narrow lpa1 metaxylems enhance drought tolerance and optimize water use for grain filling in dwarf rice.,"Narrow metaxylem of lpa1 exhibit leaves curling on sunny day and convey drought tolerance but reduce grain yield in mature plants. Role of LPA1 in vasculature development, water transport, drought resistance, and grain yield.",35620680
OsDREB1G,Dehydration-responsive element-binding protein 1G,"OsERF25, AP2/EREBP138, OsDREB1I, ethylene response factor 25, APETALA2/ethylene-responsive element binding protein 138",2,4330306,Os02g0677300,9500,LOC_Os02g45450,OSNPB_020677300,"Wang, Huanhuan, et al. 2022","Dehydration-responsive element binding protein 1C, 1E, and 1G promote stress tolerance to chilling, heat, drought, and salt in rice.",OsDREB1G is a positive regulator of drought and salt tolerance.,35685002
OsDITL1,drought-insensitive TILLING line 1,"OsWSD1, wax ester synthase/diacylglycerol acyltransferase 11",5,4339567,Os05g0556300,24946,LOC_Os05g48260,OSNPB_050556300,"Choi, Seung Young, et al. 2022",Physio‐biochemical and molecular characterization of a rice drought‐insensitive TILLING line 1 (ditl1) mutant.,"The ditl1 mutant exhibited significantly decreased water loss, leaf curling, and H2 O2 accumulation under drought stress. Chlorophyll leaching assay and toluidine blue staining suggested lower cuticle permeability in ditl1 mutants than in wild-type (WT) plants. In addition, transmission electron microscopy revealed that ditl1 plants accumulated more cuticular wax on the epidermal surface. ",35587520
OsGRP3 ,glycine-rich RNA-binding protein 3,"RTP, Retrotransposon protein, RNA-binding RBP-152",3,4333690,Os03g0670700,8939,LOC_Os03g46770,OSNPB_030670700,"Xu, Wuwu, et al. 2022",OsGRP3 enhances drought resistance by altering phenylpropanoid biosynthesis pathway in rice (Oryza sativa L.).,"When compared with the WT, the OE lines developed better and had greater survival rates under drought stress conditions, whereas the KO lines showed lower survival rates.",35806050
OsNAC17,NAC domain-containing protein 17,"OsNAC111, NAC domain-containing protein 90",11,4349814,Os11g0154500,11466,LOC_Os11g05614,OSNPB_110154500,"Jung, Se Eun, et al. 2022",Rice NAC17 transcription factor enhances drought tolerance by modulating lignin accumulation.,"Overexpressing OsNAC17 transgenic plants showed drought-tolerant, and knock-out plants exhibited drought susceptible phenotype compared to non-transgenic plants. OsNAC17 positively regulates several lignin biosynthetic genes and promotes lignin accumulation in leaves and roots.",35914574
OsCUT1,cuticular wax production 1,"OsKCS1, 3-Ketoacyl-CoA synthase 1",1,4323946,Os01g0529800,25818,LOC_Os01g34560,OSNPB_010529800,"Gao, Xiuying, et al. 2022",A β-ketoacyl-CoA synthase OsCUT1 confers increased drought tolerance in rice.,"Compared to the wild type, overexpression of OsCUT1 exhibited significantly increased drought resistance. Epicuticular wax was increased on the leaf surface of overexpressed lines and the chlorophyll leaching experiment showed that the cuticular permeability was decreased in the overexpressed lines. Moreover, overexpression of OsCUT1 didn’t result in the significant changes of major agronomic traits.",-
OsASLRK ,ABA Sensitivity-related leucine-rich repeat receptor-like kinase,receptor-like protein kinase HSL1,1,4326546,Os01g0742400,25836,LOC_Os01g53920,OSNPB_010742400,"Du, Changqing, et al. 2022",Leucine-rich repeat receptor-like kinase OsASLRK regulates abscisic acid and drought responses via cooperation with S-like RNase OsRNS4 in rice.,"OsASLRK positively regulates drought tolerance and ABA sensitivity in rice. activities of SOD, POD, and CAT were increased and MDA (malondialdehyde) content and ion leakage were decreased in OsASLRK ectopic expression lines compared with those in the wild type. OsASLRK ectopic expression can enhance drought tolerance in rice, perhaps through the elevation of the activities of antioxidative enzymes and alleviating membrane damage.",-
OsWRKY114,WRKY transcription factor 114,-,12,-,Os12g0116100,9228,LOC_Os12g02400,-,"Song, Giha, et al. 2022",OsWRKY114 negatively regulates drought tolerance by restricting stomatal closure in rice.,"The overexpression of OsWRKY114 significantly increased drought sensitivity in rice, which resulted in a lower survival rate after drought stress. Moreover, we showed that stomatal closure, which is a strategy to save water under drought, is restricted in OsWRKY114-overexpressing plants compared with wild-type plants.",35893642
OsSKL2,shikimate kinase-like 2,-,10,4349500,Os10g0577700,25027,LOC_Os10g42700,OSNPB_100577700,"Jiang, Yingli, et al. 2022",Regulation of drought and salt tolerance by OsSKL2 and OsASR1 in rice.,"Overexpression of OsSKL2 in rice increased tolerance to salinity, drought and oxidative stress by increasing antioxidant enzyme activity, and reducing levels of H2O2, malondialdehyde, and relative electrolyte leakage. overexpression of OsSKL2 also increased sensitivity to exogenous ABA, with an increase in reactive oxygen species (ROS) accumulation.",36036369
OsASR1,"ABA-, stress and ripening-induced protein 1","OsASR6, OsASR2, OsASR4",1,9272186,Os01g0959200,8407,LOC_Os01g72910,OSNPB_010959200,"Jiang, Yingli, et al. 2022",Regulation of drought and salt tolerance by OsSKL2 and OsASR1 in rice.,"OsASR1, a well-known chaperone-like protein, exhibited positive roles in salt and drought tolerance. Under drought conditions, the WT plants exhibited more severe wilting and a yellowing phenotype than the OsASR1-OE lines.",36036369
OsFTL4,Flowering time like gene 4,"OsFT-1, Flowering Locus T",9,9268282,Os09g0513500,11226,LOC_Os09g33850,OSNPB_090513500,"Gu, Houwen, et al. 2022","OsFTL4, an FT-like gene, regulates flowering time and drought tolerance in rice (Oryza sativa L.).",Silencing OsFTL4 enhances drought tolerance by decreasing stomatal conductance and water loss.,36068333
OsPUB16,U-box-type E3 ubiquitin ligase 16,U-box domain-containing protein 4,1,4325007,Os01g0884400,17808,LOC_Os01g66130,OSNPB_010884400,"Lv, Qianlong, et al. 2022",Rice OsPUB16 modulates the ‘SAPK9-OsMADS23-OsAOC’pathway to reduce plant water-deficit tolerance by repressing ABA and JA biosynthesis.,"OsPUB16, a U-box E3 ubiquitin ligase, negatively regulates rice drought response. Loss-of-function mutants of OsPUB16 generated through CRISPR/Cas9 system exhibited the markedly enhanced water-deficit tolerance, while OsPUB16 overexpression lines were hypersensitive to water deficit stress. Moreover, OsPUB16 negatively regulated ABA and JA response, and ospub16 mutants produced more endogenous ABA and JA than wild type when exposed to water deficit.",36441771
OsCIPK17 ,Calcineurin B-like protein interacting protein kinase 17,"OsSnRK3.14, Sucrose nonfermenting-1-related protein kinase 3.14",5,4337736,Os05g0136200,7404,LOC_Os05g04550,OSNPB_050136200,"Lu, Shuai, et al. 2023",Combined metabolomic and transcriptomic analysis reveals key components of OsCIPK17 overexpression improves drought tolerance in rice.,OsCIPK17 improved drought resistance of rice by regulating deep roots under drought stress. OsCIPK17 positively regulates rice drought resistance and participates in the accumulation of citric acid in the TCA cycle.,36699859
OsSRDP,Stress Responsive DUF740 Protein,-,4,4337497,Os04g0690500,25890,LOC_Os04g59420,OSNPB_040690500,"Jayaraman, Karikalan, et al. 2023",Overexpression of a DUF740 family gene (LOC_Os04g59420) imparts enhanced climate resilience through multiple stress tolerance in rice.,"Transgenic plants maintained higher RWC, photosynthetic pigments, and proline accumulation under drought and salinity stresses. Furthermore, they exhibited less accumulation of reactive oxygen species (ROS) than PS2 under drought stress",36743581
OsCCR10,Cinnamoyl-CoA reductase 10,Dihydrofolate-4-reductase,2,4331103,Os02g0811800,16693,LOC_Os02g56700,OSNPB_020811800,"Bang, Seung Woon, et al. 2022","Transcriptional activation of rice CINNAMOYL‐CoA REDUCTASE 10 by OsNAC5, contributes to drought tolerance by modulating lignin accumulation in roots.","Transgenic rice plants overexpressing OsCCR10 showed improved drought tolerance at the vegetative stages of growth, as well as higher photosynthetic efficiency, lower water loss rates, and higher lignin content in roots compared to non-transgenic (NT) controls. OsCCr10 mediates drought tolerance through regulating lignin accumulation.",34786790
OsNAC5,NAC domain-containing protein 5,"ONAC9, ONAC020, OsNAC71",11,4349963,Os11g0184900,2261,LOC_Os11g08210,OSNPB_110184900,"Bang, Seung Woon, et al. 2022","Transcriptional activation of rice CINNAMOYL‐CoA REDUCTASE 10 by OsNAC5, contributes to drought tolerance by modulating lignin accumulation in roots.",Plants overexpressing OsNAC5 had significantly greater drought tolerance than control plants. OsNAC5 acts as an enhancer of OsCCR10 expression. ,34786790
OsCBM1,Carbohydrate-Binding Malectin-Like Protein 1,"OsRPK3, OsMRLK63, OsMRLP15, receptor protein kinase 3, malectin/malectin-like receptor-like kinase 63, malectin/malectin-like receptor-like protein 15",9,-,Os09g0358700,20387,LOC_Os09g19400,OSNPB_090358700,"Jing, Xiu-Qing, et al. 2021","Rice carbohydrate-binding malectin-like protein, OsCBM1, contributes to drought-stress tolerance by participating in NADPH oxidase-mediated ROS production.","Overexpression of OsCBM1 increased drought tolerance and reactive oxygen species production in rice, whereas the knockdown of the gene decreased them. OsCBM1 physically interacts with OsRbohA, a NADPH oxidase, and the expression of OsCBM1 in osrbohA, an OsRbohA-knockout mutant, is significantly downregulated under both normal growth and drought stress conditions.",35015164
OsSAPK10,Stress-Activated Protein Kinase 10,"OsSnRK2.10, Sucrose nonfermenting-1-related protein kinase 2.10",3,4333435,Os03g0610900,9818,LOC_Os03g41460,OSNPB_030610900,"Gao, Weiwei, et al. 2022",miR2105 and the kinase OsSAPK10 co-regulate OsbZIP86 to mediate drought-induced ABA biosynthesis in rice.,"OsSAPK10 phosphorylates OsbZIP86 to positively regulate OsNCED3 expression. miR2105-(OsSAPK10)-OsbZIP86-OsNCED3"" module regulates the drought-induced ABA biosynthesis without penalty on rice growth under normal conditions",35188194
OsbZIP86 ,b-ZIP transcription factor 86,"OsZIP-1A, OsZIP-1D ",12,4351839,Os12g0233800,10165,LOC_Os12g13170,OSNPB_120233800,"Gao, Weiwei, et al. 2022",miR2105 and the kinase OsSAPK10 co-regulate OsbZIP86 to mediate drought-induced ABA biosynthesis in rice.,Overexpression of OsbZIP86 and dow.nregulation of miR2105 improve drought tolerance without affecting the main agronomic traits of rice,35188194
OsSCL30,serine/arginine-rich SC35-like splicing factor SCL30,-,12,107275752,Os12g0572400,16052,LOC_Os12g38420,OSNPB_120572400,"Zhang, Jia, et al. 2022","OsSCL30 overexpression reduces the tolerance of rice seedlings to low temperature, drought and salt.","Overexpression of OsSCL30 diminished the resistance to low temperature, drought and salt stresses in transgenic rice and resulted in larger accumulation of reactive oxygen species. ",35589923
OsHSFB4b,Heat stress transcription factor B4b,"OsHSF19, OsHSF12",7,4344063,Os07g0640900,8565,LOC_Os07g44690,OSNPB_070640900,"Zhang, Yan, et al. 2022",OsHsfB4b confers enhanced drought tolerance in transgenic Arabidopsis and rice.,Over-expression of the OsHsfB4b gene in Arabidopsis and rice can increase the resistance to drought stress.,36142741
OsNAC092,NAC domain-containing protein 092,"OsNAC1, OsDLN172, OsY37, ONAC11, OMTN4, Oryza miR164-targeted NAC4, Yellow37",6,4341823,Os06g0675600,11461,LOC_Os06g46270,OSNPB_060675600,"Wang, Bo, et al. 2022",Knocking out the transcription factor OsNAC092 promoted rice drought tolerance.,"OsNAC092 mutant rice exhibited a higher ability to scavenge more ROS and maintained a high GSH/GSSG ratio and redox level under drought stress, which could protect cells from oxidant stress.",36552339
OsRINGzf1,RING zinc finger protein 1,"OsRING34,  RING-type E3 ubiquitin ligase 34",4,-,Os04g0568900,24945,LOC_Os04g48050,OSNPB_040568900,"Chen, Shoujun, et al. 2022",Ubiquitin ligase OsRINGzf1 regulates drought resistance by controlling the turnover of OsPIP2; 1.,"The OsRINGzf1 OE plants, with higher leaf-related water content (LRWC) and lower leaf water loss rate (LWLR), exhibited enhanced drought resistance, whereas the RNAi and knockout plants of OsRINGzf1 were more sensitive to drought. OsRINGzf1 positively regulates drought resistance through promoting the degradation of OsPIP2;1 to enhance water retention capacity in rice.",35587579
OsPIP2;1,Plasma membrane intrinsic protein 2-1,"OsPIP2a, Probable aquaporin PIP2-1",7,4343122,Os07g0448800,6256,LOC_Os07g26690,OSNPB_070448800,"Chen, Shoujun, et al. 2022",Ubiquitin ligase OsRINGzf1 regulates drought resistance by controlling the turnover of OsPIP2; 1.,The interaction between OsRINGzf1 and OsPIP2;1 reduces the water loss under drought stress,35587579
OsRLCK241,Receptor-like Cytoplasmic Kinase 241,"OsPTK11, Protein Tyrosine Kinase 11, probable serine/threonine-protein kinase PBL2",7,4344340,Os07g0686800,18933,LOC_Os07g48730,OSNPB_070686800,"Zhang, Hui, et al. 2021",Overexpression of OsRLCK241 confers enhanced salt and drought tolerance in transgenic rice (Oryza sativa L.).,OsRLCK241 expression improved ROS detoxification by enhancing the activities of ROS scavengers as well as the accumulation of compatible osmolytes to alleviate the osmotic stress evoked by salt and drought stresses. ,33166596
OsAO3,aldehyde oxidase 3,"OsAAO1, abscisic aldehyde oxidase",7,-,Os07g0281700,20888,LOC_Os07g18120,-,"Shi, Xingyu, et al. 2021","The rice aldehyde oxidase OsAO3 gene regulates plant growth, grain yield, and drought tolerance by participating in ABA biosynthesis.","Overexpression of OsAO3 increased ABA levels, increased drought tolerance, decreased seedling growth and decreased grain yield.",33647795
OsCRP1,Chloroplast RNA-binding protein 1,"cpRNP1, OsCP31A",9,4347871,Os09g0565200,23879,LOC_Os09g39180,OSNPB_090565200,"Bang, Seung Woon, et al. 2021","OsCRP1, a ribonucleoprotein gene, regulates chloroplast mRNA stability that confers drought and cold tolerance.","OsCRP1 overexpressing plants showed a higher cyclic electron transport (CET) activity, which is essential for elevated levels of ATP for photosynthesis. Overexpression of OsCRP1 resulted in significantly enhanced drought and cold stress tolerance with higher ATP levels compared to wild type. ",33562320
OsPYL6,pyrabactin resistance 1-like 6,"OsPYL/RCAR4, Regulatory components of ABA receptor 4",3,4332548,Os03g0297600,17872,LOC_Os03g18600,OSNPB_030297600,"Santosh Kumar, V. V., et al. 2021",The abscisic acid receptor OsPYL6 confers drought tolerance to indica rice through dehydration avoidance and tolerance mechanisms.,"OsPYL6 overexpression enhanced the expression of stress-responsive genes and dehydration tolerance. Overexpression of OsPYL6 conferred ABA hypersensitivity during germination and promoted total root length. However, overexpression of PYL6 reduced grain yield under non-stress conditions due to reduction in height, biomass, panicle branching and spikelet fertility.",33130892
OsIAA20,Indoleacetic Acid-Induced 20,-,6,4340245,Os06g0166500,10453,LOC_Os06g07040,OSNPB_060166500,"Zhang, Aiyuan, et al. 2021","OsIAA20, an Aux/IAA protein, mediates abiotic stress tolerance in rice through an ABA pathway.",OsIAA20 overexpression plants increased drought and salt tolerance. Overexpressing OsIAA20 exhibited increased stomatal closure and decreased the rate of water loss.,34034863
OsMFT1,Mother of FT and TFL1,-,6,4341107,Os06g0498800,11877,LOC_Os06g30370,OSNPB_060498800,"Chen, Ying, et al. 2021",Nuclear translocation of OsMFT1 that is impeded by OsFTIP1 promotes drought tolerance in rice.,OsMFT1 might act as a hitherto unknown nucleocytoplasmic trafficking signal that regulates drought tolerance in rice in response to environmental signals.,33962060
OsFTIP1 ,FT-interacting protein 1,"OsC2DP55, C2 Domain-Containing Protein 55",6,4341529,Os06g0614000,21723,LOC_Os06g41090,OSNPB_060614000,"Chen, Ying, et al. 2021",Nuclear translocation of OsMFT1 that is impeded by OsFTIP1 promotes drought tolerance in rice.,"OsFTIP1 negatively regulates drought response in rice. OsFTIP1 interacts with OsMFT1, a PEBP that promotes rice tolerance to drought treatment. ",33962060
OsPUB41,plant U-box-containing protein 41,"OsUPS, OsCMPG1, U-box containing E3 ligase induced by phosphate starvation, immediate-early fungal elicitor protein CMPG1",3,4332204,Os03g0240600,25226,LOC_Os03g13740,OSNPB_030240600,"Seo, Dong Hye, et al. 2021","OsPUB41, a U-box E3 ubiquitin ligase, acts as a negative regulator of drought stress response in rice (Oryza Sativa L.).","OsPUB41 plays a negative role in drought stress response through the mediation of OsUBC25 and interacts with OsCLC6, suggesting a putative substrate.",34100185
OsUGT3,UDP-glycosyltransferase 3,"qRA2, Cytokinin-O-glucosyltransferase2, QTL for ratooning ability on chromosome 2, 7-deoxyloganetin glucosyltransferase",2,4330775,Os02g0755900,15245,LOC_Os02g51930,OSNPB_020755900,"Wang, Ting, et al. 2021",Overexpression of OsUGT3 enhances drought and salt tolerance through modulating ABA synthesis and scavenging ROS in rice.,Overexpression of UGT3 in rice increased endogenous ABA level and showed hypersensitive phenotype to exogenous ABA treatment at both germination and post-germination stages. The ectopic expression of UGT3 in Arabidopsis also enhanced the plant tolerance to drought and salt stresses. ,-
SDG708,SET Domain Group Protein708,"OsSET19, histone-lysine N-methyltransferase ASHH1",4,4335856,Os04g0429100,13384,LOC_Os04g34976,OSNPB_040429100,"Chen, Kai, et al. 2021",H3K36 methyltransferase SDG708 enhances drought tolerance by promoting abscisic acid biosynthesis in rice.,"SDG708, a specific H3K36 methyltransferase, functions as a positive regulator of drought tolerance in rice. SDG708 induced hydrogen peroxide accumulation in the guard cells and promoted stomatal closure to reduce water loss. Overexpression of SDG708 concomitantly enhanced rice drought tolerance and increased grain yield under normal and drought stress conditions. ",33606283
OsJAZ9,Jasmonate ZIM-domain protein 9,"OsTIFY11a, OsJAZ6, OsJAZ3",3,4331832,Os03g0180800,9489,LOC_Os03g08310,OSNPB_030180800,"Singh, Ajit Pal, Balaji Mani, and Jitender Giri. 2021",OsJAZ9 is involved in water-deficit stress tolerance by regulating leaf width and stomatal density in rice.,"Overexpression of OsJAZ9 imparts water deficit (drought) tolerance in rice. Overexpression of OsJAZ9 led to the enhanced ABA and JA levels. Further, OsJAZ9 overexpression reduces leaf width and stomata density, leading to lower leaf transpiration rates than WT. This reduced transpiration and higher K content as osmoticum improved the water-deficit stress tolerance in OsJAZ9 overexpression lines. ",33684775
OsPSKR15,Phytosulfokine Receptor 15,OsPSKR3,7,4342205,Os07g0107800,23468,LOC_Os07g01710,OSNPB_070107800,"Nagar, Preeti, et al. 2022","OsPSKR15, a phytosulfokine receptor from rice enhances abscisic acid response and drought stress tolerance.","OsPSKR15 is a positive regulator in plant response to ABA. Ectopic expression of OsPSKR15 in Arabidopsis thaliana increased the sensitivity to ABA during germination, growth and stomatal closure. Constitutive expression of OsPSKR15 enhanced drought tolerance by reducing the transpirational water loss in Arabidopsis. ",34549425
OsS1Fa1,site 1 binding factor a1,-,4,4335762,Os04g0408900,24376,LOC_Os04g33420,OSNPB_040408900,"Kim, Sung-Il, et al. 2021",Overexpression of Rice Os S1Fa1 Gene Confers Drought Tolerance in Arabidopsis.,OsS1Fa1 overexpression in Arabidopsis induced the expression of selected drought-responsive genes and enhanced the survival rate of transgenic lines under drought. ,34685986
OsC3H10,Zinc finger CCCH domain-containing protein 10,"OsTZF8, OsCCCH-Zn-2, OsEnS-12, Tandem zinc finger protein 8, endosperm-specific gene 12",1,-,Os01g0738400,8573,LOC_Os01g53650,-,"Seong, So Yoon, et al. 2020","Overexpression of OsC3H10, a CCCH-Zinc Finger, Improves Drought Tolerance in Rice by Regulating Stress-Related Genes.","Root-specific overexpression of OsC3H10 was insufficient to induce drought tolerance, while the overexpression of OsC3H10 throughout the entire plant enhanced the drought tolerance of rice plants. ",33019599
OsRCN1,Rice Terminal Flower 1/Centroradialis Homolog 1,"Cen-like protein FDR2, Putative phosphatidylethanolamine-binding protein",11,4349798,Os11g0152500,6602,LOC_Os11g05470,OSNPB_110152500,"Wang, Yan, et al. 2020","RICE CENTRORADIALIS 1, a TFL1-like Gene, Responses to Drought Stress and Regulates Rice Flowering Transition.","Drought can interfere with flowering; therefore, many plants hasten this process to shorten their life cycle under water scarcity, and this is known as drought-escape response. However, rice has other strategies; for example, drought stress can delay flowering instead of accelerating it. RCN1 plays an important role in the process of drought stress inhibiting flowering transition. It may worked by suppressing the protein function rather than transcription of HEADING DATE 3a.",32970268
OsRbohB,Respiratory Burst Oxidase Homolog B,"OsNox1, NADPH oxidase 1",1,4326027,Os01g0360200,7460,LOC_Os01g25820,OSNPB_010360200,"Shi, Yi, et al. 2020",OsRbohB-mediated ROS production plays a crucial role in drought stress tolerance of rice.,Rice NADPH oxidase gene OsRbohB contributes drought tolerance and its functions are involved in the interaction of the OsRbohB-mediated ROS production and ABA signaling.,32980968
OsNAC006,NAC domain-containing protein 006,"ONAC16, SNAC3, ONAC066, stress-responsive NAC transcription factor 3, SECONDARY WALL-ASSOCIATED NAC PROTEIN3",1,4327298,Os01g0191300,11455,LOC_Os01g09550,OSNPB_010191300,"Wang, Bo, et al. 2020",Knockout of the OsNAC006 Transcription Factor Causes Drought and Heat Sensitivity in Rice.,"RNA sequencing (RNA-seq) transcriptome analysis revealed that OsNAC006 regulates the expression of genes mainly involved in response to stimuli, oxidoreductase activity, cofactor binding, and membrane-related pathways. Knockout of OsNAC006 using the CRISPR-Cas9 system resulted in drought and heat sensitivity.",32225072
OsRab7,ras-related protein Rab7 ,"OsRab7B3, GTP-binding protein OsRab7",5,4339322,Os05g0516600,11090,LOC_Os05g44050,OSNPB_050516600,"El-Esawi, Mohamed A., and Aisha A. Alayafi. 2019)",Overexpression of rice Rab7 gene improves drought and heat tolerance and increases grain yield in rice (Oryza sativa L.).,"OsRab7 gene improves grain yield and enhances drought and heat tolerance in transgenic rice by modulating osmolytes, antioxidants and abiotic stress-responsive genes expression. ",30658457
OsZFP350 ,Zinc finger protein ZFP350,-,5,4338296,Os05g0286100,23328,LOC_Os05g20930,OSNPB_050286100,"Kang, Zhenhui, Tong Qin, and Zhiping Zhao. 2019",Overexpression of the zinc finger protein gene OsZFP350 improves root development by increasing resistance to abiotic stress in rice.,"Expression of OsZFP350 was up-regulated by salt, drought and high temperature, indicating that it might be a regulator in response to abiotic stress in rice root.  OsZFP350 plays a positive role in the adaptability of rice roots to abiotic stress.",31125390
OsMYB102,Myb transcription factor 102,"OsMYB81, R2R3-MYB",6,4341607,Os06g0637500,16300,LOC_Os06g43090,OSNPB_060637500,"Piao, Weilan, Yasuhito Sakuraba, and Nam-Chon Paek. 2019",Transgenic expression of rice MYB102 (OsMYB102) delays leaf senescence and decreases abiotic stress tolerance in Arabidopsis thaliana.,"The OsMYB102-OX plants showed a delayed senescence phenotype during dark incubation and were more susceptible to salt and drought stresses, considerably similar to Arabidopsis plants overexpressing AtMYB44.",31072449
OsSIZ1,SUMO (small ubiquitin-related modifier) E3-ligase,"SAP and MIZ 1, OsDLN131, OsPHD23, DLN motif protein 131, Plant homeo-domain finger protein 23",5,4337672,Os05g0125000,9365,LOC_Os05g03430,OSNPB_050125000,"Esmaeili, Nardana, et al. 2019","Co-overexpression of AVP1 and OsSIZ1 in Arabidopsis substantially enhances plant tolerance to drought, salt, and heat stresses.","Overexpression of the rice SUMO E3 ligase gene OsSIZ1 improves heat and water deficit stress tolerance in transgenic plants. AVP1/OsSIZ1 co-overexpressing plants performed significantly better than AVP1-overexpressing plants and OsSIZ1-overexpressing plants, and produced 100% more seed than wild-type plants under single stress or multiple stress conditions. ",31113977
OsJAZ1,Jasmonate ZIM-domain protein 1,"OsTIFY3, OsJAZ10, EG2, extra glume 2, TIFY gene 3",4,4337240,Os04g0653000,9496,LOC_Os04g55920,OSNPB_040653000,"Fu, Jie, et al. 2017",OsJAZ1 attenuates drought resistance by regulating JA and ABA signaling in rice.,"Expression of OsJAZ1 was strongly responsive to JA treatment, and it was slightly responsive to ABA, salicylic acid, and abiotic stresses including drought, salinity, and cold. The OsJAZ1-overexpression rice plants were more sensitive to drought stress treatment than the wild-type (WT) rice Zhonghua 11 (ZH11) at both the seedling and reproductive stages, while the jaz1 T-DNA insertion mutant plants showed increased drought tolerance compared to the WT plants. ",29312378
OsERF48,Ethylene response factor 48,"AP2/EREBP170, OsDRAP1, APETALA2/ethylene-responsive element binding protein 170, Drought Responsive AP2/EREBP gene 1, ethylene-responsive transcription factor RAP2-4",8,4345541,Os08g0408500,10565,LOC_Os08g31580,OSNPB_080408500,"Jung, Harin, et al. 2017","Overexpression of OsERF 48 causes regulation of Os CML 16, a calmodulin‐like protein gene that enhances root growth and drought tolerance.",OsERF48 is a drought-inducible transcriptional activator. Overexpression of OsERF48 in rice confers drought tolerance at the vegetative stage. ,28244201
OsCML16,Calmodulin-like protein 16,-,1,4325693,Os01g0135700,10502,LOC_Os01g04330,OSNPB_010135700,"Jung, Harin, et al. 2017","Overexpression of OsERF 48 causes regulation of Os CML 16, a calmodulin‐like protein gene that enhances root growth and drought tolerance.","OsCML16, a calmodulin-like protein gene enhances root growth and drought tolerance.",28244201
OsASR5 ,"ABA-, stress and ripening-induced protein 5","OsASR1, OsASR2, Abiotic Stress Responsive 1",11,4349876,Os11g0167800,8408,LOC_Os11g06720,OSNPB_110167800,"Li, Jinjie, et al. 2017",OsASR 5 enhances drought tolerance through a stomatal closure pathway associated with ABA and H2O2 signalling in rice.,"Overexpression of OsASR5 enhanced osmotic tolerance in Escherichia coli and drought tolerance in Arabidopsis and rice by regulating leaf water status under drought stress conditions. Moreover, overexpression of OsASR5 in rice increased endogenous ABA level and showed hypersensitive to exogenous ABA treatment at both germination and postgermination stages. ",27420922
OsNAC6 ,NAC domain-containing protein 6,"ONAC048, OsSNAC2, OsNAC2",1,4325006,Os01g0884300,2263,LOC_Os01g66120,OSNPB_010884300,"Lee, Dong‐Keun, et al. 2017",The rice Os NAC 6 transcription factor orchestrates multiple molecular mechanisms involving root structural adaptions and nicotianamine biosynthesis for drought tolerance.,"OsNAC6 root-specific overexpressing transgenic rice lines was less affected by drought stress than were nontransgenic controls. OsNAC6 up-regulates the expression of direct target genes involved in membrane modification, nicotianamine (NA) biosynthesis, glutathione relocation, 3'-phophoadenosine 5'-phosphosulphate accumulation and glycosylation, which represent multiple drought tolerance pathways. ",27892643
OsDT11 ,Drought tolerance 11,-,11,-,Os11g0211800,21537,LOC_Os11g10590,-,"Li, Xiaoming, et al. 2017","Overexpression of OsDT11, which encodes a novel cysteine-rich peptide, enhances drought tolerance and increases ABA concentration in rice.","OsDT11-overexpression lines displayed dramatically enhanced tolerance to drought and had reduced water loss, reduced stomatal density, and an increased the concentration of abscisic acid (ABA). The suppression of OsDT11 expression resulted in an increased sensitivity to drought compared to wild-type expression. ",27718117
OsAKT1,salt-sensitive K1 uptake channel OsAKT1 K+ channel alpha subunit,-,1,4326245,Os01g0648000,10369,LOC_Os01g45990,OSNPB_010648000,"Ahmad, Izhar, Afaq Mian, and Frans JM Maathuis. 2016",Overexpression of the rice AKT1 potassium channel affects potassium nutrition and rice drought tolerance.,"AKT1 overexpression improved rice osmotic and drought stress tolerance by increasing tissue levels of K(+), especially in the root.",26969743
OsMSR15 ,Multi-stress-responsive gene 15,ZFP31,3,4333432,Os03g0610400,25728,LOC_Os03g41390,OSNPB_030610400,"Zhang, Xin, et al. 2016",OsMSR15 encoding a rice C2H2-type zinc finger protein confers enhanced drought tolerance in transgenic Arabidopsis.,"Expression of OsMSR15 in Arabidopsis conferred drought tolerance, and transgenic plants showed hypersensitivity to exogenous ABA during the seed germination and post-germination stages. Transgenic plants also showed higher levels of free proline, less electrolyte leakage and increased expressions of a number of stress-responsive genes, including LEA3, RD29A, DREB1A and P5CS1 under drought stress.",-
OsPYL9,Pyrabactin resistance-like 9,"OsPYL/RCAR9, OsPYL2, PYRABACTIN RESISTANCE 1 LIKE/REGULATORY COMPONENTS OF ABA RECEPTOR 9",6,4341308,Os06g0562200,17876,LOC_Os06g36670,OSNPB_060562200,"Zhao, Yang, et al. 2016",ABA receptor PYL9 promotes drought resistance and leaf senescence.,PYL9 transgenic lines showed dramatically increased drought resistance and drought-induced leaf senescence in both Arabidopsis and rice.,26831097
OsERF109,ethylene response factor 109,"ERF117, AP2/EREBP63, APETALA2/ethylene-responsive element binding protein 63",9,4346686,Os09g0309700,10605,LOC_Os09g13940,OSNPB_090309700,"Yu, Yanwen, et al. 2017",The ethylene response factor OsERF109 negatively affects ethylene biosynthesis and drought tolerance in rice.,"Transgenic plants overexpressing (OE) and knockdown with RNA interfering (RI) OsERF109 exhibited significantly reduced and improved drought resistance, respectively, indicating that OsERF109 negatively regulates drought resistance in rice.",27040682
OsPDIL1-5,protein disulfide isomerase-like 1-5,"OsPDIL3-1, OsTrx21, Thioredoxin 21",6,4340223,Os06g0163400,11899,LOC_Os06g06790,OSNPB_060163400,"Chen J, Zhang J, Fang C, Ren L, Lan T, Wu W and Lan T (2024).",OsPDIL1-5: dual role in promoting growth and development while modulating drought stress tolerance in rice (Oryza sativa L.).,"OsPDIL1-5 acts as a negative regulator of drought tolerance. The loss of OsPDIL1-5 function inhibits plant growth, reduces stomatal density, size and aperture, boosts ROS scavenging system activity, and ultimately enhances drought tolerance.",-
OsCDPK7,calcium dependent protein kinase 7,"OsCPK7, CDPK1, OsCDPK11, CDPK12, OsCDPK13",3,4331490,Os03g0128700,3030,LOC_Os03g03660,OSNPB_030128700,"Saijo, Yusuke, et al. 2000",Over‐expression of a single Ca2+‐dependent protein kinase confers both cold and salt/drought tolerance on rice plants.,Over-expression of OsCDPK7 enhanced induction of some stress-responsive genes in response to salinity/drought.,10929125
OsCDPK9,calcium dependent protein kinase 9,-,3,4333767,Os03g0688300,8062,LOC_Os03g48270,OSNPB_030688300,"Wei, Shuya, et al. 2014",A rice calcium-dependent protein kinase OsCPK9 positively regulates drought stress tolerance and spikelet fertility.,"The results of OsCPK9 overexpression (OsCPK9-OX) and OsCPK9 RNA interference (OsCPK9-RNAi) analyses revealed that OsCPK9 plays a positive role in drought stress tolerance and spikelet fertility. OsCPK9 plays a positive role in drought, osmotic, and dehydration stress responses. OsCPK9 confers tolerance to drought stress by improving osmotic adjustment and stomatal movement.",24884869
OsMYB48-1,MYB transcription factor 48,"OsMYB48-2, OsMYB59, Os2R_MYB19, R2R3-MYB Transcription Factor 19",1,4324302,Os01g0975300,15529,LOC_Os01g74410,OSNPB_010975300,"Xiong, Haiyan, et al. 2014","Overexpression of OsMYB48-1, a novel MYB-related transcription factor, enhances drought and salinity tolerance in rice.","Overexpression of OsMYB48-1 could regulate the expression of some ABA biosynthesis genes (OsNCED4, OsNCED5), early signaling genes (OsPP2C68, OSRK1) and late responsive genes (RAB21, OsLEA3, RAB16C and RAB16D) under drought stress conditions.  the overexpression lines exhibited reduced rate of water loss, lower malondialdehyde (MDA) content and higher proline content under stress conditions. Moreover, overexpression plants were hypersensitive to ABA at both germination and post-germination stages and accumulated more endogenous ABA under drought stress conditions.",24667379
OsGL1-6,Glossy1-homologous gene 6,very-long-chain aldehyde decarbonylase GL1-6-like,2,4331117,Os02g0814200,14982,LOC_Os02g56920,OSNPB_020814200,"Zhou, Lingyan, et al. 2013",Rice OsGL1-6 is involved in leaf cuticular wax accumulation and drought resistance.,"OsGL1-6 antisense-RNA transgenic plants showed droopy leaves at the booting stage, significantly decreased leaf cuticular wax deposition, thinner cuticle membrane, increased chlorophyll leaching and water loss rates, and enhanced drought sensitivity.",23741473
OsGL1-2,Glossy1-homologous gene 2,OsWAX2,2,4328496,Os02g0178800,15280,LOC_Os02g08230,OSNPB_020178800,"Islam, Mohammad Asadul, et al. 2009",Characterization of Glossy1-homologous genes in rice involved in leaf wax accumulation and drought resistance.,OsGL1-2 overexpression resulted in increased amounts of cuticular waxes and enhanced drought tolerance,19322663
OsCPK10 ,calcium dependent protein kinase 10,-,3,-,Os03g0788500,8063,LOC_Os03g57450,-,"Bundó, Mireia, and María Coca. 2017",Calcium-dependent protein kinase OsCPK10 mediates both drought tolerance and blast disease resistance in rice plants.,OsCPK10 protein enhances the hydrogen peroxide detoxifying capacity of rice plants during desiccation. OsCPK10HA expression improves drought tolerance in rice plants.,28472292
OsBBP1,OsbZIP72 binding protein 1 (BBP1),protein ROLLING AND ERECT LEAF 2-like,3,4332679,Os03g0321500 ,-,LOC_Os03g20530,OSNPB_030321500,"Yu, Xiangzhen et al. 2024","OsBBP1, a newly identified protein containing DUF630 and DUF632 domains confers drought tolerance in rice.","OsBBP1 might confer drought resistance by inducing more efficient reactive oxygen species (ROS) scavenging. OsBBP1, acting downstream of OsbZIP72, contributes to drought resistance and causes less yield or yield-related losses under drought conditions.",38759757
OsJAZ10,Jasmonate ZIM-domain protein 10,"OsJAZ4, OsTIFY11B",3,4331834,Os03g0181100,9490,LOC_Os03g08330,OSNPB_030181100,"Wu, Yuanyuan et al. 2024",OsJAZ10 negatively modulates the drought tolerance by integrating hormone signaling with systemic electrical activity in rice.,"OsJAZ10 negatively modulates rice drought stress tolerance. OsJAZ10 interacts with OsMYC2, and inhibits OsMYC2 transcriptional activation of ABA- and JA-biosynthetic genes. OsJAZ10 inhibits osmotic stress-elicited electrical signal transmission, which is in parallel to the hormone response.",38714129
OsMYC2,Myelocytomatosis oncogene transcription factor 2,OsbHLH009,10,4349484,Os10g0575000,15303,LOC_Os10g42430,OSNPB_100575000,"Wu, Yuanyuan et al. 2024",OsJAZ10 negatively modulates the drought tolerance by integrating hormone signaling with systemic electrical activity in rice.,"OsMYC2 transcriptionally activates the expression of ABA-biosynthetic gene OsNCED2, JA-biosynthetic gene OsAOC, and drought-responsive genes OsRAB21 and OsLEA3, while OsJAZ10 prevents OsMYC2 transactivation of these genes. ",38714129
OsEm1 ,embryonic abundant protein 1-like,"OsLEA21, late embryogenesis abundant protein 21, ABA regulated gene",5,4338499,Os05g0349800,644,LOC_Os05g28210,OSNPB_050349800,"Yu, Jing et al. 2016",Overexpression of OsEm1 encoding a group I LEA protein confers enhanced drought tolerance in rice.,"OsEm1 is a positive regulator of drought tolerance. Overexpression of OsEm1 increases ABA sensitivity and enhances osmotic tolerance in rice. Compared with wild type, the OsEm1-overexpressing rice plants showed enhanced plant survival ratio at the vegetative stage. Overexpression of OsEm1 increases the expression of LEA genes against drought.",27524243
ONAC022,NAC domain-containing protein 22,-,3,4331520,Os03g0133000,11470,LOC_Os03g04070,OSNPB_030133000,"Hong, Yongbo et al. 2016",Overexpression of a Stress-Responsive NAC Transcription Factor Gene ONAC022 Improves Drought and Salt Tolerance in Rice.,ONAC022 functions as a stress-responsive NAC with transcriptional activator activity and plays a positive role in drought and salt stress tolerance through modulating an ABA-mediated pathway.,26834774
OsWRKY12 ,WRKY transcription factor 12,OsWRKY03,1,4326683,Os01g0624700,6523,LOC_Os01g43550,OSNPB_010624700,"Jia, Shuzhen et al. 2024",OsWRKY12 negatively regulates the drought-stress tolerance and secondary cell wall biosynthesis by targeting different downstream transcription factor genes in rice.,Over-expression of OsWRKY12 decreased the drought tolerance of the rice transgenics at the germination stage and the seedling stage. OsWRKY12 negatively regulates the drought-stress response by affecting the ABA biosynthesis and signaling pathway. Rice seedlings over-expressing OsWRKY12 showed decreased secondary cell wall (SCW) biosynthesis. OsWRKY12 mediates the crosstalk of the drought-stress response and SCW biosynthesis by targeting to different transcription factor genes.,38850730
OsWRKY11,WRKY transcription factor 11,"WRKY16, WRKY71",1,4326690,Os01g0626400,6522,LOC_Os01g43650,OSNPB_010626400,"Lee, Heyoung et al. 2018",Rice WRKY11 Plays a Role in Pathogen Defense and Drought Tolerance.,"OsWRKY11 positively regulates drought-responsive genes, including several dehydrin genes. OsWRKY11 is a positive regulator of plant defense responses to drought and pathogens. OsWRKY11 is induced by heat and drought stresses, and over-expression of OsWRKY11 under the control of the HSP101 promoter enhances drought tolerance. OsWRKY11 also bound directly to the promoter of a drought-responsive gene, RAB21, activating its transcription. ",29330772
OsGRX9,Glutaredoxin 9,"Glutaredoxin-C4 chloroplastic-like, Glutaredoxin-C2 homolog 2",2,4329999,Os02g0618100,13585,LOC_Os02g40500,OSNPB_020618100,"Kumar, Anil et al. 2020",Overexpression of rice glutaredoxin genes LOC_Os02g40500 and LOC_Os01g27140 regulate plant responses to drought stress.,Over-expression of Osgrx genes enhanced drought tolerance in Arabidopsis. The H2O2 level was found to be reduced in all transgenic lines of both Osgrxs LOC_Os02g40500 and LOC_Os01g27140 as compared to treated control plants. Over-expression of Osgrxs enhanced plant growth during drought conditions. Drought tolerance was found in transgenic plantlets of both Osgrx genes after 10 days of drought as compared to retarded growth in treated control plants. Osgrxs enhanced the RWC and reduced the stress markers. Each glutaredoxin gene was over-expressed in Arabidopsis thaliana to reveal their role in drought stress.,32464438
OsGRX4,Glutaredoxin 4,Glutaredoxin-C1-like,1,4325734,Os01g0368900,13566,LOC_Os01g27140,OSNPB_010368900,"Kumar, Anil et al. 2020",Overexpression of rice glutaredoxin genes LOC_Os02g40500 and LOC_Os01g27140 regulate plant responses to drought stress.,"LOC_Os02g40500 and LOC_Os01g27140 reduced the ROS generated under drought stress. Osgrxs enhanced the level of the antioxidant molecules, antioxidant enzymes, and stress responsible amino acids. Osgrxs enhanced the various physiological parameters against drought stress and protected the plant from damage. Each glutaredoxin gene was over-expressed in Arabidopsis thaliana to reveal their role in drought stress.",32464438
OsWIH2 ,Windhose 2,Cysteine-rich and transmembrane domain-containing protein WIH,3,4333176,Os03g0431100,24383,LOC_Os03g31679,OSNPB_030431100,"Gu, Xiangyang et al. 2021",The bHLH transcription factor regulated gene OsWIH2 is a positive regulator of drought tolerance in rice.,"Overexpression of OsWIH2 in rice resulted in significantly higher drought tolerance, due to the decreased water loss rate and reactive oxygen species (ROS) accumulation under drought stress. Drought stress may induce OsbHLH130 accumulation, which in turn activates OsWIH2 expression, and the latter improves rice drought tolerance by participating in cuticular wax biosynthesis and reducing the water loss rate as well as ROS accumulation. OsWIH2 interacted with a long-chain fatty acids HOTHEAD (HTH).",34823144
OsMT1a ,Metallothionein I-1A,-,11,4351213,Os11g0704500,11117,LOC_Os11g47809,OSNPB_110704500,"Yang, Zhao et al. 2009","OsMT1a, a type 1 metallothionein, plays the pivotal role in zinc homeostasis and drought tolerance in rice.","Transgenic rice plants overexpressing OsMT1a demonstrated enhanced tolerance to drought. The examination of antioxidant enzyme activities demonstrated that catalase (CAT), peroxidase (POD) and ascorbate peroxidase (APX) were significantly elevated in transgenic plants. ",19229638
OsMT2b,Metallothionein 2B,metallothionein-like protein 2C,5,4337596,Os05g0111300,6226,LOC_Os05g02070,OSNPB_050111300,"Chen, Yanxin et al. 2024",Involvement of the Metallothionein gene OsMT2b in Drought and Cadmium Ions Stress in Rice.,Overexpression of OsMT2b positively regulates drought tolerance in rice. OsMT2b-overexpression lines exhibited enhanced drought tolerance and better physiological performance in terms of relative water content and electrolyte leakage compared with wild-type (WT).  OsMT2b influenced the expression of genes involved in ROS scavenging to enhance drought tolerance in rice.,39294464
OsADR3 , abscisic acid (ABA)-drought-reactive oxygen species (ROS) 3,"OsWZF1, OsDLN99, OsZFP1",3,4334213,Os03g0764100,16038,LOC_Os03g55540,OSNPB_030764100,"Li, Jiaming, et al. 2021",OsADR3 increases drought stress tolerance by inducing antioxidant defense mechanisms and regulating OsGPX1 in rice (Oryza sativa L.).,"Overexpression of abscisic acid (ABA)-drought-reactive oxygen species 3 (OsADR3) in rice enhances sensitivity to exogenous ABA and increases the activities of various antioxidant enzymes, including catalase (CAT), glutathione peroxidase, and ascorbate peroxidase (APX), thus improving ROS scavenging capacity to positively regulate drought tolerance",-
OsMIOX ,Myo-inositol oxygenase,Probable inositol oxygenase,6,4341305,Os06g0561000,12129,LOC_Os06g36560,OSNPB_060561000,"Duan, Junzhi et al. 2012","OsMIOX, a myo-inositol oxygenase gene, improves drought tolerance through scavenging of reactive oxygen species in rice (Oryza sativa L.).","OsMIOX was induced by drought, H2O2, salt, cold and abscisic acid. OsMIOX has a specific function in drought stress tolerance by decreasing oxidative damage. Overexpression of OsMIOX increased the ROS-scavenging ability in rice. Overexpression of OsMIOX improves rice tolerance to drought stress.",23017909
OsGSTU30 ,Tau glutathione S-transferase 30,-,10,4349193,Os10g0529500,9547,LOC_Os10g38600,OSNPB_100529400,"Srivastava, Dipali, et al. 2019",Rice (Oryza sativa L.) tau class glutathione S-transferase (OsGSTU30) overexpression in Arabidopsis thaliana modulates a regulatory network leading to heavy metal and drought stress tolerance.,"Overexpression of OsGSTU30 increased drought tolerance, as reflected in germination, root growth assay, and whole plant growth.",30516767
OsHOX4 ,Homeobox 4,"OsHDZIP31, homeodomain-leucine zipper transcription factor 31",9,4347333,Os09g0470500,6155,LOC_Os09g29460,OSNPB_090470500,"Zhou, W. Q., et al. 2020",Over-expression of oshox4 enhances drought and salinity tolerance in rice.,Oshox4 transgenic rice plants are more tolerant to drought and salinity stress and that Oshox4 plays a role in rice osmatic tolerance.,-
OsDCA1,DST Co-activator 1 ,"OsRING161, RING-type E3 ubiquitin ligase 161, E3 ubiquitin-protein ligase RZFP34",10,4348796,Os10g0456800,22358,LOC_Os10g31850,OSNPB_100456800,"Cui, Long-Gang et al. 2015",DCA1 Acts as a Transcriptional Co-activator of DST and Contributes to Drought and Salt Tolerance in Rice.,"Downregulation of DCA1 significantly enhanced drought and salt tolerance in rice, and overexpression of DCA1 increased sensitivity to stress treatment. Our findings establish a framework for plant drought and salt stress tolerance through the DCA1-DST (Drought and salt tolerance)-Prx24 (Peroxidase 24) pathway.",26496194
ZFP252,Zinc Finger Protein 252,"RZF71, OsDLN263",12,4352653,Os12g0583700,8646,LOC_Os12g39400,OSNPB_120583700,"Xu, Dong-Qing et al. 2008",Overexpression of a TFIIIA-type zinc finger protein gene ZFP252 enhances drought and salt tolerance in rice (Oryza sativa L.).,"Overexpression of ZFP252 in rice increased the amount of free proline and soluble sugars, elevated the expression of stress defense genes and enhanced rice tolerance to salt and drought stresses, as compared with ZFP252 antisense and non-transgenic plants.",18325341
OsWRKY45 ,WRKY transcription factor 45,-,5,4338413,Os05g0322900,6559,LOC_Os05g25770,OSNPB_050322900,"Tao, Zeng, et al. 2011",OsWRKY45 alleles play different roles in abscisic acid signalling and salt stress tolerance but similar roles in drought and cold tolerance in rice.,Overexpression of a stress-induced OsWRKY45 significantly confers drought tolerance in Arabidopsis and rice.,21725029
OsABAR1,ABA-responsive protein-like protein 1,"GEM-like protein 7, Glucosyltransferases-like GTPase activators and Myotubularin (GRAM) domain-containing protein",4,4336456,Os04g0526800,23728,LOC_Os04g44500,OSNPB_040526800,"Zheng, Chongke et al. 2020","OsABAR1, a novel GRAM domain-containing protein, confers drought and salt tolerance via an ABA-dependent pathway in rice.",OsABAR1 expression is up-regulated by salt and drought. OsABAR1 positively regulates tolerance to drought and high salinity in rice. OsABAR1 acts as a positive regulator of ABA responses in rice.,32416343
OsbZIP72,b-ZIP transcription factor 72,"OsAREB2, OsABF4, OsABI5",9,4347257,Os09g0456200,10152,LOC_Os09g28310,OSNPB_090456200,"Lu, Guojun et al. 2009",Identification of OsbZIP72 as a positive regulator of ABA response and drought tolerance in rice.,"Transgenic rice overexpressing OsbZIP72 showed a hypersensitivity to ABA, elevated levels of expression of ABA response gene such as LEAs, and an enhanced ability of drought tolerance. ",19048288
OsMYBR1,MYB-related transcription factor 1,-,4,4336779,Os04g0583900,19098,LOC_Os04g49450,OSNPB_040583900,"Yin, Xuming et al. 2017","Overexpression of a novel MYB-related transcription factor, OsMYBR1, confers improved drought tolerance and decreased ABA sensitivity in rice.","OsMYBR1 is involved in the ABA-dependent signaling transduction pathways mediating plant responses to ABA and drought. Compared with wild-type (WT) plants, transgenic plants over-expressing OsMYBR1 exhibited much greater tolerance to drought stress and decreased sensitivity to abscisic acid (ABA). Overexpression of OsMYBR1 enhances tolerance to dehydration stress",28690154
OsMYB2,Transcription factor MYB2,Os2R_MYB36,3,4332651,Os03g0315400,9969,LOC_Os3g20090,OSNPB_030315400,"Yang, An et al. 2012","A R2R3-type MYB gene, OsMYB2, is involved in salt, cold, and dehydration tolerance in rice.","OsMYB2-overexpressing plants were more tolerant to salt, cold, and dehydration stresses and more sensitive to abscisic acid than wild-type plants. verexpression of OsMYB2 enhanced up-regulation of genes encoding proline synthase and transporters. The OsMYB2-overexpressing plants accumulated less amounts of H2O2 and malondialdehyde. ",22301384
OsNAP,No apical meristem (NAM) protein,ONAC058,3,4332717,Os03g0327800,15000,LOC_Os03g21060,OSNPB_030327800,"Chen, Xu et al. 2014",The NAC family transcription factor OsNAP confers abiotic stress response through the ABA pathway.,"Rice plants overexpressing OsNAP did not show growth retardation, but showed a significantly reduced rate of water loss, enhanced tolerance to high salinity, drought and low temperature at the vegetative stage, and improved yield under drought stress at the flowering stage. plants overexpressing OsNAP revealed that many stress-related genes were up-regulated, including OsPP2C06/OsABI2, OsPP2C09, OsPP2C68 and OsSalT.",24399239
OsNAC10,NAC domain-containing protein 10,"ONAC122, OsSNAC10",11,4349648,Os11g0126900,8952,LOC_Os11g03300,OSNPB_110126900,"Jeong, Jin Seo et al. 2010",Root-specific expression of OsNAC10 improves drought tolerance and grain yield in rice under field drought conditions.,"Overexpression of OsNAC10 enhanced the tolerance of rice to drought stress at the vegetative stage, and specific overexpression of OsNAC10 in rice roots increased yields under normal and drought conditions",20335401
OsWRKY30,WRKY transcription factor 30,-,8,4345940,Os08g0499300,6543,LOC_Os08g38990,OSNPB_080499300,"Shen, Huaishun et al. 2012",OsWRKY30 is activated by MAP kinases to confer drought tolerance in rice.,Overexpression of OsWRKY30 in rice dramatically increased drought tolerance. OsWRKY30 could be phosphorylated by OsMPK3/7/14 which was indispensable for the improved drought tolerance of the OsWRKY30- overexpressors,22875749
OsWRKY47,WRKY transcription factor 47,-,7,4344296,Os07g0680400,6561,LOC_Os07g48260,OSNPB_070680400,"Raineri, Jesica et al. 2015",The rice transcription factor OsWRKY47 is a positive regulator of the response to water deficit stress.,OsWRKY47 expression is induced in water stressed plants. OsWRKY47 overexpressors display higher yield than controls under drought stress. ,25957211
OsbZIP42 ,b-ZIP transcription factor 42,"OsABF7, OsDLN149, HBF1, Hd3a BINDING REPRESSOR FACTOR1",5,4339158,Os05g0489700,10127,LOC_Os05g41070,OSNPB_050489700,"Joo, Joungsu et al. 2019",OsbZIP42 is a positive regulator of ABA signaling and confers drought tolerance to rice.,Transgenic rice overexpressing OsbZIP42 (OsbZIP42-OX) exhibited a rapidly elevated expression of the ABA-responsive LEA3 and Rab16 genes and was hypersensitive to ABA. Analyses of the OsbZIP42-OX plants revealed enhanced tolerance to drought stress. ,30712129
OsbZIP66,b-ZIP transcription factor 66,"OsABF5, OsTRAB1, transcription factor responsible for ABA regulation 1",8,-,Os08g0472000,9819,LOC_Os08g36790,OSNPB_080472000,"Yoon, Suin, et al. 2017",Overexpression of the OsbZIP66 transcription factor enhances drought tolerance of rice plants.,"Overexpression of OsbZIP66 both in a whole plant body and specifically in roots enhanced drought tolerance of rice plants, indicating that the rice drought tolerance positively correlates with the expression levels of OsbZIP66. ",-
OsbZIP62,b-ZIP transcription factor 62,"OsABF8, OsEEL, Enhanced Em Level",7,4344334,Os07g0686100,10143,LOC_Os07g48660,OSNPB_070686100,"Lee, Y. H., & Song, S. I. (2023)",OsbZIP62 positively regulates drought and salt stress tolerance and ABA signaling in rice.,"The overexpression of rice OsbZIP62 gene increased the drought stress tolerance in rice. OsbZIP62 can interact with Stress-/ABA-activated protein kinases1, 2, 4, and 6, which have been known to phosphorylate OsbZIPs in rice. The transgenic rice overexpressed the OsbZIP62 gene exhibited an increase of drought and high-salinity stress tolerance. ",-
OsWRKY5,WRKY transcription factor 5,-,5,107276141,Os05g0137500,6564,LOC_Os05g04640,OSNPB_050137500,"Lim, Chaemyeong et al. 2022",Inactivating transcription factor OsWRKY5 enhances drought tolerance through abscisic acid signaling pathways.,OsWRKY5 negatively regulates drought tolerance by directly binding to the promoter of OsMYB2 and hereby inhibiting its expression,34718775
OsIAA18 ,Indole-3-acetic acid inducible 18,-,5,4339365,Os05g0523300,10907,LOC_Os05g44810,OSNPB_050523300,"Wang, Feibing et al. 2021","OsIAA18, an Aux/IAA Transcription Factor Gene, Is Involved in Salt and Drought Tolerance in Rice.",OsIAA18 overexpression in rice plants significantly improves salt and drought tolerance by upregulating ABA-regulated gene expression levels and improving ROS scavenging capacity.,34868122
OsIAA6,Indole-3-acetic acid inducible 6,-,1,4326541,Os01g0741900,10897,LOC_Os01g53880,OSNPB_010741900,"Jung, Harin et al. 2015","OsIAA6, a member of the rice Aux/IAA gene family, is involved in drought tolerance and tiller outgrowth.","OsIAA6 overexpressed transgenic rice improved drought tolerance, likely via the regulation of auxin biosynthesis genes. OsIAA6 is highly induced by drought stress. OsIAA6 was specifically expressed in the axillary meristem of the basal stem, which is the tissue that gives rise to tillers.",26025543
OsSAP1,Stress-associated protein 1,A20/AN1 zinc-finger protein,9,4347423,Os09g0486500,6181,LOC_Os09g31200,OSNPB_090486500,"Mukhopadhyay, Arnab et al. 2004","Overexpression of a zinc-finger protein gene from rice confers tolerance to cold, dehydration, and salt stress in transgenic tobacco.","OSISAP1 overexpression in tobacco confers enhanced tolerance to cold, drought, and salt stress.",15079051
OsPYL10 ,pyrabactin resistance 1-like 10,"OsPYL3, OsRCAR1, REGULATORY COMPONENTS OF ABA RECEPTOR 3",2,4328916,Os02g0255500,17871,LOC_Os02g15640,OSNPB_020255500,"Verma, Rakesh Kumar et al. 2019",Overexpression of ABA Receptor PYL10 Gene Confers Drought and Cold Tolerance to Indica Rice.,"Overexpression of rice ABA receptor gene PYL10 resulted in higher ABA levels in plants due to upregulated expression of genes for ABA biosynthesis including ZEP1, NCED1, NCED2, NCED3, and NCED4, enhancing yield formation of the drought-challenged plants through maintaining higher RWC, membrane stability index, chlorophyll content, and accumulated lower amount of MDA and H2O2 compared with WT plants ",31850010
OsSDIR1,E3 ligase salt-and drought-induced RING-finger 1,OsRING198,3,4332396,Os03g0272300,9293,LOC_Os03g16570,OSNPB_030272300,"Gao, Ting et al. 2011",OsSDIR1 overexpression greatly improves drought tolerance in transgenic rice.,"The expression of OsSDIR1 was detected in all tissues of rice and up-regulated by drought and NaCl, but not by ABA. Upon drought treatment, the OsSDIR1-transgenic rice showed strong drought tolerance compared to control plants.",21499841
OsDHSRP1,"Drought-, Heat-, and Salt-Induced RING Finger Protein 1",OsRING229,2,4328312,Os02g0150700,21083,LOC_Os02g05692,OSNPB_020150700,"Kim, Ju Hee et al. 2020","Oryza sativa drought-, heat-, and salt-induced RING finger protein 1 (OsDHSRP1) negatively regulates abiotic stress-responsive gene expression.","The Arabidopsis plants overexpressing OsDHSRP1 exhibited hypersensitivity to drought, heat, and NaCl stress and a decrease in their germination rates and root lengths compared to the control plants. However, the OsDHSRP1-overexpressing plants showed no significant difference when treated with ABA. OsDHSRP1 E3 ligase acts as a negative regulator.",32206999
OsRDCP1,RING domain-containing protein 1,"OsRING320, OsREIW1, RING-finger E3 ubiquitin ligases interacting with WRKY 1",4,4336483,Os04g0530500,9449,LOC_Os04g44820,OSNPB_040530500,"Bae, Hansol et al. 2011","Overexpression of OsRDCP1, a rice RING domain-containing E3 ubiquitin ligase, increased tolerance to drought stress in rice (Oryza sativa L.).",OsRDCP1 was induced by drought stress. OsRDCP1-overexpressing T2 transgenic rice plants exhibited markedly improved tolerance to severe water deficits.,21497713
OsSAP10,Stress-associated protein 10,-,7,107275919,Os07g0169500,18186,LOC_Os07g07400,OSNPB_070169500,"Vashisth, Vishal et al. 2024","Rice A20/AN1 protein, OsSAP10, confers water-deficit stress tolerance via proteasome pathway and positive regulation of ABA signaling in Arabidopsis.","Overexpression of OsRDCP1 increased tolerance to drought stress in transgenic rice plants. OsSAP10 transgenics showed improved tolerance to water-deficit stress at seed germination, seedling and mature plant stages. Heterologous expression of OsSAP10 in Arabidopsis enhances tolerance to water-deficit stress",39138747
OsPUB67,Plant U-box-containing protein 67,U-box domain-containing protein 36,10,4349328,Os10g0552400,17858,LOC_Os10g40490,OSNPB_100552400,"Qin, Qiao et al. 2020",A U-box E3 ubiquitin ligase OsPUB67 is positively involved in drought tolerance in rice.,Over-expression of OsPUB67 improved drought stress tolerance by enhancing the reactive oxygen scavenging ability and stomatal closure.,31768809
OsNAC15,NAC domain-containing protein 15,"NAC domain-containing protein 69, NAC domain-containing protein 87",7,4344324,Os07g0684800,11465,LOC_Os07g48550,OSNPB_070684800,"Ao, Chuan-Wei et al. 2024",OsNAC15 regulates drought and salt tolerance in rice.,OsNAC15 positively regulates drought and salt tolerance and directly participates in the biosynthesis of abscisic acid (ABA).,39687697
ONAC066 ,NAC domain-containing protein 066,transcription factor JUNGBRUNNEN 1,3,4334294,Os03g0777000,11494,LOC_Os03g56580,OSNPB_030777000,"Yuan, Xi et al. 2019",Rice NAC transcription factor ONAC066 functions as a positive regulator of drought and oxidative stress response.,"Expression of ONAC066 was significantly induced by PEG, NaCl, H2O2 and abscisic acid (ABA). Overexpression of ONAC066 in transgenic rice improved drought and oxidative stress tolerance and increased ABA sensitivity, accompanied with decreased rate of water loss, increased contents of proline and soluble sugars, decreased accumulation of reactive oxygen species (ROS) and upregulated expression of stress-related genes under drought stress condition. ",31238869
ONAC023,NAC domain-containing protein 023,"NAC6, NAC18, TMS 5, thermosensitive male sterility 5",2,4328715,Os02g0214500,2773,LOC_Os02g12310,OSNPB_020214500,"Chang, Yu et al. 2024",Stress-induced nuclear translocation of ONAC023 improves drought and heat tolerance through multiple processes in rice.,ONAC023 confers drought tolerance at vegetative and reproductive stages.,38997294
OsNAC14,NAC domain-containing protein 14,"OsNAC68, NAC48",1,4325516,Os01g0675800,11464,LOC_Os01g48446,OSNPB_010675800,"Shim, Jae Sung et al. 2018",Overexpression of OsNAC14 Improves Drought Tolerance in Rice.,"Overexpression of OsNAC14 resulted in drought tolerance at the vegetative stage of growth. Field drought tests demonstrated that OsNAC14 overexpressing transgenic rice lines exhibited higher number of panicle and filling rate compared to non-transgenic plants under drought conditions. RNA-sequencing analysis revealed that OsNAC14 overexpression elevated the expression of genes for stress response, DNA damage repair, defense related, and strigolactone biosynthesis.",29593766
OsDhn1,SK3-type dehydrin,"OsDip1, Dehydration-stress inducible protein 1, OsLIP9",2,4330265,Os02g0669100,9276,LOC_Os02g44870,OSNPB_020669100,"Kumar, Manu, et al. 2014","Over-expression of dehydrin gene, OsDhn1, improves drought and salt stress tolerance through scavenging of reactive oxygen species in rice (Oryza sativa L.).","OsDhn1-overexpression transgenic rice plants (OXs) showed an enhanced drought and salt stress tolerance as judged by chlorophyll fluorescence (Fv/Fm), fresh and dry weight, water and chlorophyll content, and survival ratio.",-
OsAHL1,AT-hook content nuclear localized protein 1,"OsAHL7, OsAHL19",11,4349778,Os11g0149100,9897,LOC_Os11g05160,OSNPB_110149100,"Zhou, Liguo et al. 2016",A novel gene OsAHL1 improves both drought avoidance and drought tolerance in rice.,"Overexpression of OsAHL1 enhanced multiple stress tolerances in rice plants during both seedling and panicle development stages. Functional studies revealed that OsAHL1 regulates root development under drought condition to enhance drought avoidance, participates in oxidative stress response and also regulates the content of chlorophyll in rice leaves. Overexpression of OsAHL1 enhanced drought, salt and cold stress tolerance in rice seedling stage.",27453463
OsNAR2.1 ,High-affinity nitrate transporter-activating element 2.1,Activator for NRT2,2,4329861,Os02g0595900,6237,LOC_Os02g38230,OSNPB_020595900,"Chen, Jingguang et al. 2019",OsNAR2.1 Positively Regulates Drought Tolerance and Grain Yield Under Drought Stress Conditions in Rice.,OsNAR2.1 is involved in drought stress tolerance through regulating drought stress sensitivity and stress-related gene expression in rice. OsNAR2.1 over-expression significantly increased grain yield as compared to WT and led to minimal growth defects in drought stress.,30846998
OsUGT85E1,Uridine diphosphate-dependent glycosyltransferase 85E1,-,2,4330773,Os02g0755500,24416,LOC_Os02g51900,OSNPB_020755500,"Liu, Qian et al. 2021",Rice Glycosyltransferase Gene UGT85E1 Is Involved in Drought Stress Tolerance Through Enhancing Abscisic Acid Response.,"The overexpression of UGT85E1 led to an enhanced tolerance in transgenic rice plants to drought stress, while the ugt85e1 mutants of rice showed a more sensitive phenotype to drought stress. UGT85E1 overexpression induced ABA accumulation, stomatal closure, enhanced reactive oxygen species (ROS) scavenging capacity, increased proline and sugar contents, and upregulated expression of stress-related genes under drought stress conditions. ",35003178
OsHSP50.2,50.2 kDa heat shock protein,-,9,-,Os09g0534600,11896,LOC_Os09g36420,-,"Xiang, Jianhua et al. 2018",Overexpressing heat-shock protein OsHSP50.2 improves drought tolerance in rice.,"OsHSP50.2, an HSP90 family gene up-regulated by heat and osmotic stress treatments, positively regulates drought stress tolerance by modulating ROS homeostasis and osmotic adjustment in rice.",30099612
OsERF71,Ethylene response factor 71,"AP2/EREBP124, OsERF15",6,4340383,Os06g0194000,10583,LOC_Os06g09390,OSNPB_060194000,"Lee, Dong-Keun et al. 2016",Overexpression of the OsERF71 Transcription Factor Alters Rice Root Structure and Drought Resistance.,"Overexpression of OsERF71, either throughout the entire plant or specifically in roots, resulted in a drought resistance phenotype at the vegetative growth stage, indicating that overexpression in roots was sufficient to confer drought resistance. OsERF71 alters root structure to enhance drought resistance.",27382137
OsHOX22,homeobox-leucine zipper protein HOX22,"OsHDZIP14, OsHDZ14",4,4336542,Os04g0541700,8459,LOC_Os04g45810,OSNPB_040541700,"Zhang, Shuxin et al. 2012",Function of the HD-Zip I gene Oshox22 in ABA-mediated drought and salt tolerances in rice.,"Transgenic rice over-expressing Oshox22 showed increased sensitivity to ABA, increased ABA content, and decreased drought and salt tolerances.",23109182
OsDREB2A,dehydration-responsive element-binding protein 2A-like,"ERF40, AP2/EREBP167",1,4324418,Os01g0165000,3113,LOC_Os01g07120,OSNPB_010165000,"Cui, Meng et al. 2011",Induced over-expression of the transcription factor OsDREB2A improves drought tolerance in rice.,Transgenic lines over-expressing OsDREB2A were found to have improved survival rates under severe drought and salt stress conditions relative to non-transgenic rice plants or rice plants transformed with the empty vector control. OsDREB2A expression was found to be markedly induced by drought and ABA treatment.,22078375
OsCactin,splicing factor Cactin,OsSTA130,4,107275754,Os04g0558200,19419,LOC_Os04g47110,OSNPB_040558200,"Huang, Jinqiu et al. 2024",OsCactin positively regulates the drought stress response in rice.,"OsCactin is regulated by OsTRAB1 and interacts with OsDi19 proteins to defend against drought stress. The OsCactin-overexpressing lines presented high tolerance to drought stress, whereas the OsCactin-knockout plants were sensitive to drought stress. OsTRAB1, a drought-responsive TF of the bZIP family, binds to the promoter of OsCactin as a drought-responsive regulator.",39540946
OsbZIP71 ,b-ZIP transcription factor 71,"OsDLN221, bZIP44",9,4346672,Os09g0306400,10151,LOC_Os09g13570,OSNPB_090306400,"Liu, Citao et al. 2014","OsbZIP71, a bZIP transcription factor, confers salinity and drought tolerance in rice.","OsbZIP71 overexpressing rice lines significantly improved tolerance to drought, salt and PEG osmotic stresses. In contrast, RNAi knockdown transgenic lines were much more sensitive to salt, PEG osmotic stresses, and also ABA treatment. ",23918260
OsDi19 - 4,drought-induced 19 protein 4,-,2,4329107,Os02g0304900,18579,LOC_Os02g20170,OSNPB_020304900,"Wang, Lili et al. 2014",Identification of rice Di19 family reveals OsDi19-4 involved in drought resistance.,Overexpression of OsDi19 - 4 in rice increased drought tolerance by enhancing ROS-scavenging activity.,25236158
OsGRAS23 ,GRAS transcription factor 23,scarecrow-like protein 9,4,4336820,Os04g0590400,19834,LOC_Os04g50060,OSNPB_040590400,"Xu, Kai et al. 2015","OsGRAS23, a rice GRAS transcription factor gene, is involved in drought stress response through regulating expression of stress-responsive genes.",Overexpression of OsGRAS23 improved tolerance of transgenic rice plants to drought and oxidative stresses.,26067440
OsMYB55,R2R3-MYB Transcription Factor 55,"OsPL, Purple Leaf, transcription factor MYB8",5,4339548,Os05g0553400,11680,LOC_Os05g48010,OSNPB_050553400,"Casaretto, José A et al. 2016",Expression of OsMYB55 in maize activates stress-responsive genes and enhances heat and drought tolerance.,Over-expression of OsMYB55 in maize decreased the negative effects of high temperature and drought resulting in improved plant growth and performance under these conditions. OsMYB55 transgenic maize shows tolerance to heat and drought stress.,27129581
OsACA6,P-type IIB Ca(2+) ATPase,OsACA5,4,4336912,Os04g0605500,13243,LOC_Os04g51610,-,"Huda, Kazi M K et al. 2013","OsACA6, a P-type IIB Ca²⁺ ATPase promotes salinity and drought stress tolerance in tobacco by ROS scavenging and enhancing the expression of stress-responsive genes.","OsACA6 transgenic plants had longer primary roots, and therefore are capable of producing more biomass and show improved drought tolerance under water-deficit conditions. Transgenic plants over-expressing OsACA6 efficiently modulate the ROS machinery and proline biosynthesis through an integrative mechanism.",24128296
OsPHP1,pseudo-phosphotransfer protein 1,"OsHpt1, OsHP3, Histidine phosphotransfer protein",1,-,Os01g0743800,-,LOC_Os01g54050,-,"Yadav, Chhaya et al. 2025",Knockdown of OsPHP1 Leads to Improved Yield Under Salinity and Drought in Rice via Regulating the Complex Set of TCS Members and Cytokinin Signalling.,"OsPHP1 negatively influences abiotic stress tolerance, as evidenced by the increased sensitivity of OsPHP1-OE (overexpression) lines to salinity and drought.",39696826
OsDof12,DNA binding with one finger 12 ,OsCDF1 - CYCLING DOF FACTOR 1,3,-,Os03g0169600,-,LOC_Os03g07360,-,"Shim, Yejin et al. 2025",Rice OsDof12 enhances tolerance to drought stress by activating the phenylpropanoid pathway.,Overexpression of rice OsDof12 enhances tolerance to drought stress. Rice plants overexpressing OsDof12 (OsDof12-OE) displayed significantly higher tolerance to drought stress than the parental japonica rice “Dongjin”.,39615028
OsSAP17,stress-associated protein 17,-,9,-,Os09g0385700,-,LOC_Os09g21710,-,"Jiang, Wenjun et al. 2025",Unveiling the role of OsSAP17: Enhancing plant resistance to drought and salt.,"The ectopic expression of OsSAP17 significantly increased the capacity to withstand drought and salt stress in both transgenic yeast and Arabidopsis. Additionally, the ectopic expression of OsSAP17 led to notable changes in the expression of Arabidopsis ABA-related genes, including AtNCED3, AtABA2, and AtSnRK2.2.",39854789
OsLOX1,lipoxygenase 1,-,2,-,Os02g0194700,-,LOC_Os02g10120,-,"Weng, Yahong et al. 2025",OsLOX1 positively regulates seed vigor and drought tolerance in rice.,"Mutant lines with CRISPR/Cas9-induced knockout of OsLOX1 exhibited reduced tolerance to drought stress compared with the wild-type. This was accompanied by elevated levels of H2O2 and malondialdehyde, and a decrease in the expression levels of genes associated with antioxidant enzymes. OsLOX1 positively regulated rice seed vigor and drought stress.",39810027
OsbZIP27,bZIP transcription factor 27,-,3,-,Os03g0306700,-,LOC_Os03g19370,-,"Xu, Zuntao et al. 2025",OsbZIP27 coordinates with OsHUB1 and OsHUB2 to modulate drought tolerance in rice.,OsbZIP27 coordinates with OsHUB1/2 to enhance rice drought tolerance by increasing H2Bub and expression of OsHAK1 and OsGLN1. Loss of OsHUB1 and OsHUB2 function causes hypersensitivity to drought stress. OsHUB2 overexpression enhances drought tolerance.,39643268
OsXB3,XA21 binding protein 3,-,5,-,Os05g0112000,-,LOC_Os05g02130,-,"Huang, Xiaoen et al. 2025",Over-expression of XA21 binding protein 3 enhances rice survival under water-deficit stress.,Over-expression of XB3 confers strong tolerance to water-deficit stress. Down-regulation of XB3 transcripts increases the sensitivity to water-deficit stress. XB3 interacts with OsDIS1 and can destabilize OsDIS1. OsDIS1 is a negative regulator of drought tolerance.,40024611
OsDIS1,drought-induced SINA protein 1,"OsRIP5, OsRING80, OsSINAT4",3,-,Os03g0356414,-,LOC_Os03g24040,-,"Ning, Yuese et al. 2011",The SINA E3 ligase OsDIS1 negatively regulates drought response in rice,"Overexpression of OsDIS1 reduced drought tolerance in transgenic rice plants, while RNA interference silencing of OsDIS1 enhanced drought tolerance. ",21719639
OsSLR1,Slender Rice 1,"OsRGA1, OsGRAS-18",3,-,Os03g0707600,-,LOC_Os03g49990,-,"Huang, Jishuai et al. 2025",Gibberellin signalling mediates nucleocytoplasmic trafficking of Sucrose Synthase 1 to regulate the drought tolerance in rice.,"SLR1 negatively regulates the abundance of the dehydration-responsive protein OsBURP3 to enhance drought tolerance in rice. OsBURP3 facilitates the translocation of Sucrose Synthase 1 (OsSUS1), from the cytosol to the nucleus, thereby decreasing the sucrose content. Mutation of OsBURP3 reduces the nucleus accumulation of OsSUS1 to enhance drought tolerance. ",40011385
OsSUS1,Sucrose synthase 1,-,3,-,Os03g0401300,-,LOC_Os03g28330,-,"Huang, Jishuai et al. 2025",Gibberellin signalling mediates nucleocytoplasmic trafficking of Sucrose Synthase 1 to regulate the drought tolerance in rice.,OsSUS1 positively regulates drought tolerance via mediating sucrose metabolism. ,40011385
OsPRX130,class III peroxidase 130,-,11,-,Os11g0112400,-,LOC_Os11g02130,-,"Tan, Mingfang et al. 2025",WOX11-OsPRX130 module confers rice drought tolerance by maintaining ROS homeostasis in rice root.,"WOX11 directly binds to the promoter of the peroxidase gene OsPRX130, thereby enhancing drought tolerance by regulating CR growth. Notably, OsPRX130 is predominantly expressed in rice roots and its expression is induced by drought stress. Knockout of OsPRX130 inhibited CR growth by reducing ROS levels, ultimately compromising the drought tolerance in rice. ",40536725
OsWOX11,WUSCHEL-LIKE HOMEOBOX 11,,7,-,Os07g0684900,-,LOC_Os07g48560,-,"Tan, Mingfang et al. 2025",WOX11-OsPRX130 module confers rice drought tolerance by maintaining ROS homeostasis in rice root.,"WOX11 directly binds to the promoter of the peroxidase gene OsPRX130, thereby enhancing drought tolerance by regulating CR growth. Notably, OsPRX130 is predominantly expressed in rice roots and its expression is induced by drought stress. Knockout of OsPRX130 inhibited CR growth by reducing ROS levels, ultimately compromising the drought tolerance in rice. ",40536725
OsNF-YB12,Nuclear factor-Y subunit B 12,OsHAP3L SUBUNIT OF CCAAT-BOX BINDING COMPLEX,9,-,Os09g0568200,-,LOC_Os09g39490,-,"Bian, Zhijuan et al. 2025",Overexpressing OsNF-YB12 elevated the content of jasmonic acid and impaired drought tolerance in rice.,"Rice overexpressing OsNF-YB12 was more sensitive to salinity and PEG osmotic stresses at seed germination stage, as well as reduced drought tolerance at seedling stage. Overexpressing OsNF-YB12 promoted JA biosynthesis and inhibit seed germination. Overexpression of OsNF-YB12 weakened drought tolerance in rice.",39864559
OsNF-YA7,Nuclear factor-Y subunit A 7,OsHAP2A SUBUNIT OF CCAAT-BOX BINDING COMPLEX,8,-,Os08g0196700,-,LOC_Os08g09690,-,"Lee, Dong-Keun et al. 2015",The NF-YA transcription factor OsNF-YA7 confers drought stress tolerance of rice in an abscisic acid independent manner,"Expression of OsNF-YA7 was induced by drought stress but not by ABA. Overexpression of OsNF-YA7 in transgenic rice plants improved drought tolerance. Consequently, OsNF-YA7 mediates rice drought tolerance in an ABA-independent manner.",26706071
OsPP2C68,Clade A type 2 C protein phosphatase 68,"OsPP2C1, OsSIPP2C1, OsPP108",9,-,Os09g0325700,-,LOC_Os09g15670,-,"Wang, Beilei et al. 2025",The abscisic acid signaling negative regulator OsPP2C68 confers drought and salinity tolerance to rice.,"OsPP2C68 knockout mutants reduced seed germination and root and stem lengths under ABA treatment. OsPP2C68 knockout mutants exhibited altered synthesis of osmolytes and antioxidant enzymes under drought and high salinity stress, along with the differential expression of genes associated with drought and salt stress responses, enhancing rice tolerance to drought and salt.",40000770
OsSIDP366,Stress induced DUF1644 protein 366,-,6,-,Os06g0693700,-,LOC_Os06g47860,-,"Guo, Chiming et al. 2016","OsSIDP366, a DUF1644 gene, positively regulates responses to drought and salt stresses in rice.","Transgenic rice plants overexpressing OsSIDP366 showed enhanced drought and salinity tolerance and reduced water loss as compared to that in the control, whereas plants with downregulated OsSIDP366 expression levels using RNA interference (RNAi) were more sensitive to salinity and drought treatments.",26172270
OsOTS1,Overly Tolerant to Salt 1,-,6,-,Os06g0487900,-,LOC_Os06g29310,-,"Srivastava, Anjil Kumar et al. 2017","Rice SUMO protease Overly Tolerant to Salt 1 targets the transcription factor, OsbZIP23 to promote drought tolerance in rice.",OsOTS1 depleted transgenic plants accumulate more ABA and exhibit more productive agronomic traits during drought while OsOTS1 overexpressing lines are drought sensitive but ABA insensitive. OsOTS1 SUMO protease directly targets the ABA and drought responsive transcription factor OsbZIP23 for de-SUMOylation affecting its stability. ,29024118
OsHsfB2b,Heat stress transcription factor B2b,-,8,-,Os08g0546800,-,LOC_Os08g43334,-,"Xiang, Jianhua et al. 2013",Heat shock factor OsHsfB2b negatively regulates drought and salt tolerance in rice.,"Expression of OsHsfB2b was strongly induced by heat, salt, ABA and PEG treatments. Drought and salt tolerances were significantly decreased by OsHsfB2b overexpression, but were enhanced by RNA interference.",23949687
OsHsp17.0 ,16.9 kDa class I heat shock protein 2,OsHsp16.9B,1,-,Os01g0136200,-,LOC_Os01g04380,-,"Zou, Jie et al. 2012",Overexpression of OsHsp17.0 and OsHsp23.7 enhances drought and salt tolerance in rice.,Transgenic rice overexpressing OsHsp17.0 and OsHsp23.7 significantly improve the tolerance to drought and salinity. ,22321692
OsHsp23.7 ,23.7 kDa heat shock protein,,12,-,Os12g0569700,-,LOC_Os12g38180,-,"Zou, Jie et al. 2012",Overexpression of OsHsp17.0 and OsHsp23.7 enhances drought and salt tolerance in rice.,Transgenic rice overexpressing OsHsp17.0 and OsHsp23.7 significantly improve the tolerance to drought and salinity. ,22321692
