pmid,gene_id,gene_text,title,journal
12586876,107810646,TPS,Expression of a bifunctional fusion of the Escherichia coli genes for trehalose-6-phosphate synthase and trehalose-6-phosphate phosphatase in transgenic rice plants increases trehalose accumulation and abiotic stress tolerance without stunting growth.,Plant Physiol. 2003 Feb
12586876,107814858,TPP,Expression of a bifunctional fusion of the Escherichia coli genes for trehalose-6-phosphate synthase and trehalose-6-phosphate phosphatase in transgenic rice plants increases trehalose accumulation and abiotic stress tolerance without stunting growth.,Plant Physiol. 2003 Feb
12609047,828652,DREB1A,"OsDREB genes in rice, Oryza sativa L., encode transcription activators that function in drought-, high-salt- and cold-responsive gene expression.",Plant J. 2003 Feb
15190366,828652,DREB1A,Stress-induced expression in wheat of the Arabidopsis thaliana DREB1A gene delays water stress symptoms under greenhouse conditions.,Genome. 2004 Jun
15190366,835307,rd29A,Stress-induced expression in wheat of the Arabidopsis thaliana DREB1A gene delays water stress symptoms under greenhouse conditions.,Genome. 2004 Jun
15356330,541957,DREB1,Cloning and functional analysis of a novel DREB1/CBF transcription factor involved in cold-responsive gene expression in Zea mays L.,Plant Cell Physiol. 2004 Aug
15356330,828652,DREB1A,Cloning and functional analysis of a novel DREB1/CBF transcription factor involved in cold-responsive gene expression in Zea mays L.,Plant Cell Physiol. 2004 Aug
15359131,828653,DREB1b,"Ectopic expression of a cold-inducible transcription factor, CBF1/DREB1b, in transgenic rice (Oryza sativa L.).",Mol Cells. 2004 Aug 31
15359131,828782,lip5,"Ectopic expression of a cold-inducible transcription factor, CBF1/DREB1b, in transgenic rice (Oryza sativa L.).",Mol Cells. 2004 Aug 31
16614820,828652,DREB1A,Functional and phylogenetic analysis of a DREB/CBF-like gene in perennial ryegrass (Lolium perenne L.).,Planta. 2006 Sep
16614820,818854,COR15a,Functional and phylogenetic analysis of a DREB/CBF-like gene in perennial ryegrass (Lolium perenne L.).,Planta. 2006 Sep
16614820,835307,RD29A,Functional and phylogenetic analysis of a DREB/CBF-like gene in perennial ryegrass (Lolium perenne L.).,Planta. 2006 Sep
16667159,29141362,psaB,Effects of cold-treatment on protein synthesis and mRNA levels in rice leaves.,Plant Physiol. 1989 Nov
17133769,29141328,Psb A,Isolation of stress responsive Psb A gene from rice (Oryza sativa l.) using differential display.,Indian J Biochem Biophys. 2006 Aug
17293435,818854,COR15a,"Overexpression of an R1R2R3 MYB gene, OsMYB3R-2, increases tolerance to freezing, drought, and salt stress in transgenic Arabidopsis.",Plant Physiol. 2007 Apr
17293435,819757,RCI2A,"Overexpression of an R1R2R3 MYB gene, OsMYB3R-2, increases tolerance to freezing, drought, and salt stress in transgenic Arabidopsis.",Plant Physiol. 2007 Apr
17690841,827605,BIN2,"T-DNA tagged knockout mutation of rice OsGSK1, an orthologue of Arabidopsis BIN2, with enhanced tolerance to various abiotic stresses.",Plant Mol Biol. 2007 Nov
17881564,818219,HARDY,"Improvement of water use efficiency in rice by expression of HARDY, an Arabidopsis drought and salt tolerance gene.",Proc Natl Acad Sci U S A. 2007 Sep 25
17881564,829845,AP2/ERF-like transcription factor,"Improvement of water use efficiency in rice by expression of HARDY, an Arabidopsis drought and salt tolerance gene.",Proc Natl Acad Sci U S A. 2007 Sep 25
18071708,820506,AtSPO11-1,"Constitutive expression of a meiotic recombination protein gene homolog, OsTOP6A1, from rice confers abiotic stress tolerance in transgenic Arabidopsis plants.",Plant Cell Rep. 2008 Apr
18349516,845178,matK,Identification of drought-responsive genes from maize inbred lines.,Zhi Wu Sheng Li Yu Fen Zi Sheng Wu Xue Xue Bao. 2007 Dec
18349516,100037769,maturase,Identification of drought-responsive genes from maize inbred lines.,Zhi Wu Sheng Li Yu Fen Zi Sheng Wu Xue Xue Bao. 2007 Dec
18433415,606370,Wabi5,Positive role of a wheat HvABI5 ortholog in abiotic stress response of seedlings.,Physiol Plant. 2008 Sep
18433415,542792,Wdhn13,Positive role of a wheat HvABI5 ortholog in abiotic stress response of seedlings.,Physiol Plant. 2008 Sep
18433415,542804,Wrab18,Positive role of a wheat HvABI5 ortholog in abiotic stress response of seedlings.,Physiol Plant. 2008 Sep
18433415,542854,Wrab19,Positive role of a wheat HvABI5 ortholog in abiotic stress response of seedlings.,Physiol Plant. 2008 Sep
18470484,835306,rd29B,"Overexpression of a rice OsDREB1F gene increases salt, drought, and low temperature tolerance in both Arabidopsis and rice.",Plant Mol Biol. 2008 Aug
18470484,840987,RAB18,"Overexpression of a rice OsDREB1F gene increases salt, drought, and low temperature tolerance in both Arabidopsis and rice.",Plant Mol Biol. 2008 Aug
18593528,851869,PMP3,"Characterization of two plasma membrane protein 3 genes (PutPMP3) from the alkali grass, Puccinellia tenuiflora, and functional comparison of the rice homologues, OsLti6a/b from rice.",BMB Rep. 2008 Jun 30
18679687,103430441,Myb4,Osmyb4 expression improves adaptive responses to drought and cold stress in transgenic apples.,Plant Cell Rep. 2008 Oct
18685183,824718,SDIR1,Arabidopsis SDIR1 enhances drought tolerance in crop plants.,Biosci Biotechnol Biochem. 2008 Aug
18700826,842733,AtNPR1,"The Arabidopsis AtNPR1 inversely modulates defense responses against fungal, bacterial, or viral pathogens while conferring hypersensitivity to abiotic stresses in transgenic rice.",Mol Plant Microbe Interact. 2008 Sep
18832187,100794096,AP2,"Phylogeny, gene structures, and expression patterns of the ERF gene family in soybean (Glycine max L.).",J Exp Bot. 2008
18832187,829845,AP2,"Phylogeny, gene structures, and expression patterns of the ERF gene family in soybean (Glycine max L.).",J Exp Bot. 2008
19322663,837602,CER1,Characterization of Glossy1-homologous genes in rice involved in leaf wax accumulation and drought resistance.,Plant Mol Biol. 2009 Jul
20492547,838138,AVP1,Expression of an Arabidopsis vacuolar H+-pyrophosphatase gene (AVP1) in cotton improves drought- and salt tolerance and increases fibre yield in the field conditions.,Plant Biotechnol J. 2011 Jan
20878348,832215,AIP2,"A RING finger E3 ligase gene, Oryza sativa Delayed Seed Germination 1 (OsDSG1), controls seed germination and stress responses in rice.",Plant Mol Biol. 2010 Nov
20878348,822061,ABI3.Yeast,"A RING finger E3 ligase gene, Oryza sativa Delayed Seed Germination 1 (OsDSG1), controls seed germination and stress responses in rice.",Plant Mol Biol. 2010 Nov
21178395,819651,AtWNK1,Rice WNK1 is regulated by abiotic stress and involved in internal circadian rhythm.,Plant Signal Behav. 2011 Mar
21178395,842771,AtWNK10,Rice WNK1 is regulated by abiotic stress and involved in internal circadian rhythm.,Plant Signal Behav. 2011 Mar
21293909,820443,SAP5,Arabidopsis SAP5 functions as a positive regulator of stress responses and exhibits E3 ubiquitin ligase activity.,Plant Mol Biol. 2011 Mar
21293909,819856,E3 ubiquitin ligase,Arabidopsis SAP5 functions as a positive regulator of stress responses and exhibits E3 ubiquitin ligase activity.,Plant Mol Biol. 2011 Mar
21459832,606325,TaNAC69,Overexpression of TaNAC69 leads to enhanced transcript levels of stress up-regulated genes and dehydration tolerance in bread wheat.,Mol Plant. 2011 Jul
21459832,837731,glyoxalase I,Overexpression of TaNAC69 leads to enhanced transcript levels of stress up-regulated genes and dehydration tolerance in bread wheat.,Mol Plant. 2011 Jul
21585388,825831,SENSITIVE TO FREEZING-6,"OsSFR6 is a functional rice orthologue of SENSITIVE TO FREEZING-6 and can act as a regulator of COR gene expression, osmotic stress and freezing tolerance in Arabidopsis.",New Phytol. 2011 Sep
22130861,844399,WIN1,An ethylene response factor OsWR1 responsive to drought stress transcriptionally activates wax synthesis related genes and increases wax production in rice.,Plant Mol Biol. 2012 Feb
22385556,828652,DREB1A,Overexpression of Arabidopsis and rice stress genes' inducible transcription factor confers drought and salinity tolerance to rice.,Plant Biotechnol J. 2012 Jun
22385556,828653,DREB1B,Overexpression of Arabidopsis and rice stress genes' inducible transcription factor confers drought and salinity tolerance to rice.,Plant Biotechnol J. 2012 Jun
22808152,107784516,NAC,"Expression of a finger millet transcription factor, EcNAC1, in tobacco confers abiotic stress-tolerance.",PLoS One. 2012
22843236,28717398,DNA binding transcription factor,In silico targeted genome mining and comparative modelling reveals a putative protein similar to an Arabidopsis drought tolerance DNA binding transcription factor in Chromosome 6 of Sorghum bicolor genome.,Interdiscip Sci. 2012 Jun
22843236,829845,AP2,In silico targeted genome mining and comparative modelling reveals a putative protein similar to an Arabidopsis drought tolerance DNA binding transcription factor in Chromosome 6 of Sorghum bicolor genome.,Interdiscip Sci. 2012 Jun
23104474,829845,AP2,Transcription factor OsAP21 gene increases salt/drought tolerance in transgenic Arabidopsis               thaliana.,Mol Biol Rep. 2013 Feb
23104474,835306,RD29B,Transcription factor OsAP21 gene increases salt/drought tolerance in transgenic Arabidopsis               thaliana.,Mol Biol Rep. 2013 Feb
23275191,840897,AtbZIP60,Transcription factor AtbZIP60 regulates expression of Ca2+ -dependent protein kinase genes in transgenic cells.,Mol Biol Rep. 2013 Mar
23415326,100192952,ubiquitin,A rice stress-responsive NAC gene enhances tolerance of transgenic wheat to drought and salt stresses.,Plant Sci. 2013 Apr
23415326,542711,sucrose phosphate synthase,A rice stress-responsive NAC gene enhances tolerance of transgenic wheat to drought and salt stresses.,Plant Sci. 2013 Apr
23735506,843671,HOMEODOMAIN GLABROUS11,Arabidopsis enhanced drought tolerance1/HOMEODOMAIN GLABROUS11 confers drought tolerance in transgenic rice without yield penalty.,Plant Physiol. 2013 Jul
23741473,837602,CER1,Rice OsGL1-6 is involved in leaf cuticular wax accumulation and drought resistance.,PLoS One. 2013 May 31
23828545,837403,MYB60,The Arabidopsis thaliana MYB60 promoter provides a tool for the spatio-temporal control of gene expression in stomatal guard cells.,J Exp Bot. 2013 Aug
24103920,834666,AtKAT1,OsKAT2 is the prevailing functional inward rectifier potassium channels in rice guard cell.,Plant Signal Behav. 2013
24247851,837405,AtSOD1,Overexpression of an adenosine diphosphate-ribosylation factor gene from the halophytic grass Spartina alterniflora confers salinity and drought tolerance in transgenic Arabidopsis.,Plant Cell Rep. 2014 Feb
24279948,832636,RD22,Comprehensive analysis of differentially expressed rice actin depolymerizing factor gene family and heterologous overexpression of OsADF3 confers Arabidopsis Thaliana drought tolerance.,Rice (N Y). 2012 Nov 27
24279948,821463,ABF4,Comprehensive analysis of differentially expressed rice actin depolymerizing factor gene family and heterologous overexpression of OsADF3 confers Arabidopsis Thaliana drought tolerance.,Rice (N Y). 2012 Nov 27
24279948,830424,DREB2A,Comprehensive analysis of differentially expressed rice actin depolymerizing factor gene family and heterologous overexpression of OsADF3 confers Arabidopsis Thaliana drought tolerance.,Rice (N Y). 2012 Nov 27
24279948,835307,RD29A,Comprehensive analysis of differentially expressed rice actin depolymerizing factor gene family and heterologous overexpression of OsADF3 confers Arabidopsis Thaliana drought tolerance.,Rice (N Y). 2012 Nov 27
24279948,827956,PIP1; 4,Comprehensive analysis of differentially expressed rice actin depolymerizing factor gene family and heterologous overexpression of OsADF3 confers Arabidopsis Thaliana drought tolerance.,Rice (N Y). 2012 Nov 27
24279948,825316,PIP1; 4,Comprehensive analysis of differentially expressed rice actin depolymerizing factor gene family and heterologous overexpression of OsADF3 confers Arabidopsis Thaliana drought tolerance.,Rice (N Y). 2012 Nov 27
24279948,824510,PIP1; 4,Comprehensive analysis of differentially expressed rice actin depolymerizing factor gene family and heterologous overexpression of OsADF3 confers Arabidopsis Thaliana drought tolerance.,Rice (N Y). 2012 Nov 27
24279948,829662,PIP1; 4,Comprehensive analysis of differentially expressed rice actin depolymerizing factor gene family and heterologous overexpression of OsADF3 confers Arabidopsis Thaliana drought tolerance.,Rice (N Y). 2012 Nov 27
24279948,818487,PIP2; 6,Comprehensive analysis of differentially expressed rice actin depolymerizing factor gene family and heterologous overexpression of OsADF3 confers Arabidopsis Thaliana drought tolerance.,Rice (N Y). 2012 Nov 27
24398893,828652,DREB1A,Stress-inducible expression of AtDREB1A transcription factor greatly improves drought stress tolerance in transgenic indica rice.,Transgenic Res. 2014 Jun
24407603,107831756,NPR1,Overexpression of the Malus hupehensis MhNPR1 gene increased tolerance to salt and osmotic stress in transgenic tobacco.,Mol Biol Rep. 2014 Mar
24748226,102591217,MYB transcription factor,Identification of novel and conserved microRNAs related to drought stress in potato by deep sequencing.,PLoS One. 2014 Apr 18
24817160,818566,Delta1-Pyrroline-5-carboxylate synthetase 1,"A novel maize homeodomain-leucine zipper (HD-Zip) I gene, Zmhdz10, positively regulates drought and salt tolerance in both rice and Arabidopsis.",Plant Cell Physiol. 2014 Jun
24817160,832636,RD22,"A novel maize homeodomain-leucine zipper (HD-Zip) I gene, Zmhdz10, positively regulates drought and salt tolerance in both rice and Arabidopsis.",Plant Cell Physiol. 2014 Jun
24817160,835306,RD29B,"A novel maize homeodomain-leucine zipper (HD-Zip) I gene, Zmhdz10, positively regulates drought and salt tolerance in both rice and Arabidopsis.",Plant Cell Physiol. 2014 Jun
24817160,828714,ABA-insensitive 1,"A novel maize homeodomain-leucine zipper (HD-Zip) I gene, Zmhdz10, positively regulates drought and salt tolerance in both rice and Arabidopsis.",Plant Cell Physiol. 2014 Jun
24913125,830424,DREB2A,LcWRKY5: an unknown function gene from sheepgrass improves drought tolerance in transgenic Arabidopsis.,Plant Cell Rep. 2014 Sep
24913125,835307,RD29A,LcWRKY5: an unknown function gene from sheepgrass improves drought tolerance in transgenic Arabidopsis.,Plant Cell Rep. 2014 Sep
24965356,100192952,UBIQUITIN,OsiSAP1 overexpression improves water-deficit stress tolerance in transgenic rice by affecting expression of endogenous stress-related genes.,Plant Cell Rep. 2014 Sep
25014258,841665,AtABA2,Functional characterization of xanthoxin dehydrogenase in rice.,J Plant Physiol. 2014 Sep 1
25231250,103647543,phosphoenolpyruvate carboxylase,Improved oxidative tolerance in suspension-cultured cells of C4-pepctransgenic rice by H2O2 and Ca(2+) under PEG-6000.,J Integr Plant Biol. 2015 Jun
25460871,103647543,phosphoenolpyruvate carboxylase,Enhanced drought tolerance in transgenic rice over-expressing of maize C4 phosphoenolpyruvate carboxylase gene via NO and Ca(2+).,J Plant Physiol. 2015 Mar 1
25460871,542278,nitrate reductase,Enhanced drought tolerance in transgenic rice over-expressing of maize C4 phosphoenolpyruvate carboxylase gene via NO and Ca(2+).,J Plant Physiol. 2015 Mar 1
25460871,542702,phospholipase D,Enhanced drought tolerance in transgenic rice over-expressing of maize C4 phosphoenolpyruvate carboxylase gene via NO and Ca(2+).,J Plant Physiol. 2015 Mar 1
25606426,100170665,ZmSNAC1,Genome-wide identification and expression pattern of drought-responsive members of the NAC family in maize.,Meta Gene. 2014 Jun 1
25879154,843671,EDT1,Arabidopsis EDT1/HDG11 improves drought and salt tolerance in cotton and poplar and increases cotton yield in the field.,Plant Biotechnol J. 2016 Jan
25925167,818614,ABI4,OsTCP19 influences developmental and abiotic stress signaling by modulating ABI4-mediated pathways.,Sci Rep. 2015 Apr 29
25925167,839570,IAA3,OsTCP19 influences developmental and abiotic stress signaling by modulating ABI4-mediated pathways.,Sci Rep. 2015 Apr 29
25925167,822061,ABI3,OsTCP19 influences developmental and abiotic stress signaling by modulating ABI4-mediated pathways.,Sci Rep. 2015 Apr 29
25925167,823650,LOX2,OsTCP19 influences developmental and abiotic stress signaling by modulating ABI4-mediated pathways.,Sci Rep. 2015 Apr 29
26035591,100192952,ubiquitin,Overexpression of an AP2/ERF Type Transcription Factor OsEREBP1 Confers Biotic and Abiotic Stress Tolerance in Rice.,PLoS One. 2015 Jun 2
26098425,832370,Calcium-Sensing Receptor,Expression of OsCAS (Calcium-Sensing Receptor) in an Arabidopsis Mutant Increases Drought Tolerance.,PLoS One. 2015 Jun 22
26335593,100037458,ACS,Implications of ethylene biosynthesis and signaling in soybean drought stress tolerance.,BMC Plant Biol. 2015 Sep 3
26335593,100499625,ACO,Implications of ethylene biosynthesis and signaling in soybean drought stress tolerance.,BMC Plant Biol. 2015 Sep 3
26631017,65057,PIP1,A comparison of aquaporin function in mediating stomatal aperture gating among drought-tolerant and sensitive varieties of rice (Oryza sativa L.).,Protoplasma. 2016 Nov
26831097,838452,PYL9,ABA receptor PYL9 promotes drought resistance and leaf senescence.,Proc Natl Acad Sci U S A. 2016 Feb 16
26904091,843262,AtWRKY57,Heterologous Expression of AtWRKY57 Confers Drought Tolerance in Oryza sativa.,Front Plant Sci. 2016 Feb 11
27316630,107773042,peroxidase,Overexpression of sugarcane gene SoSnRK2.1 confers drought tolerance in transgenic tobacco.,Plant Cell Rep. 2016 Sep
27316630,107799583,catalase,Overexpression of sugarcane gene SoSnRK2.1 confers drought tolerance in transgenic tobacco.,Plant Cell Rep. 2016 Sep
27411911,829541,OST1,"The sucrose non-fermenting 1-related kinase 2 gene SAPK9 improves drought tolerance and grain yield in rice by modulating cellular osmotic potential, stomatal closure and stress-responsive gene expression.",BMC Plant Biol. 2016 Jul 13
27420922,855661,HSP40,OsASR5 enhances drought tolerance through a stomatal closure pathway associated with ABA and H2 O2 signalling in rice.,Plant Biotechnol J. 2017 Feb
27625663,843671,AtEDT1,Overexpression of AtEDT1/HDG11 in Chinese Kale (Brassica oleracea var. alboglabra) Enhances Drought and Osmotic Stress Tolerance.,Front Plant Sci. 2016 Aug 30
27644410,820438,Hsp70,Sequence analysis of the Hsp70 family in moss and evaluation of their functions in abiotic stress responses.,Sci Rep. 2016 Sep 20
27683092,818903,PHYTOCHROME-INTERACTING FACTOR 4,Double overexpression of DREB and PIF transcription factors improves drought stress tolerance and cell elongation in transgenic plants.,Plant Biotechnol J. 2017 Apr
27899926,835307,RD29A,Bioinformatic Analyses of Subgroup-A Members of the Wheat bZIP Transcription Factor Family and Functional Identification of TabZIP174 Involved in Drought Stress Response.,Front Plant Sci. 2016 Nov 16
27899926,835306,RD29B,Bioinformatic Analyses of Subgroup-A Members of the Wheat bZIP Transcription Factor Family and Functional Identification of TabZIP174 Involved in Drought Stress Response.,Front Plant Sci. 2016 Nov 16
27899926,840987,RAB18,Bioinformatic Analyses of Subgroup-A Members of the Wheat bZIP Transcription Factor Family and Functional Identification of TabZIP174 Involved in Drought Stress Response.,Front Plant Sci. 2016 Nov 16
27899926,830424,DREB2A,Bioinformatic Analyses of Subgroup-A Members of the Wheat bZIP Transcription Factor Family and Functional Identification of TabZIP174 Involved in Drought Stress Response.,Front Plant Sci. 2016 Nov 16
27899926,818854,COR15A,Bioinformatic Analyses of Subgroup-A Members of the Wheat bZIP Transcription Factor Family and Functional Identification of TabZIP174 Involved in Drought Stress Response.,Front Plant Sci. 2016 Nov 16
27899926,838632,COR47,Bioinformatic Analyses of Subgroup-A Members of the Wheat bZIP Transcription Factor Family and Functional Identification of TabZIP174 Involved in Drought Stress Response.,Front Plant Sci. 2016 Nov 16
28241800,841721,NAM,The essence of NAC gene family to the cultivation of drought-resistant soybean (Glycine max L. Merr.) cultivars.,BMC Plant Biol. 2017 Feb 28
28241800,839265,ATAF1/2,The essence of NAC gene family to the cultivation of drought-resistant soybean (Glycine max L. Merr.) cultivars.,BMC Plant Biol. 2017 Feb 28
28241800,830779,ATAF1/2,The essence of NAC gene family to the cultivation of drought-resistant soybean (Glycine max L. Merr.) cultivars.,BMC Plant Biol. 2017 Feb 28
28241800,835478,CUC2,The essence of NAC gene family to the cultivation of drought-resistant soybean (Glycine max L. Merr.) cultivars.,BMC Plant Biol. 2017 Feb 28
28330319,7009,Bax inhibitor-1,Roles of plant hormones and anti-apoptosis genes during drought stress in rice (Oryza sativa L.).,3 Biotech. 2016 Dec
28340002,836163,AtSIZ1,"Overexpression of the Rice SUMO E3 Ligase Gene OsSIZ1 in Cotton Enhances Drought and Heat Tolerance, and Substantially Improves Fiber Yields in the Field under Reduced Irrigation and Rainfed Conditions.",Plant Cell Physiol. 2017 Apr 1
28344585,100192952,ubiquitin,Ectopic Expression of OsSta2 Enhances Salt Stress Tolerance in Rice.,Front Plant Sci. 2017 Mar 10
28378532,842114,galactinol synthase 2,Overexpression of an Arabidopsis thaliana galactinol synthase gene improves drought tolerance in transgenic rice and increased grain yield in the field.,Plant Biotechnol J. 2017 Nov
28378532,100192952,ubiquitin,Overexpression of an Arabidopsis thaliana galactinol synthase gene improves drought tolerance in transgenic rice and increased grain yield in the field.,Plant Biotechnol J. 2017 Nov
28415033,542372,PEPC,Physiological investigation of C4-phosphoenolpyruvate-carboxylase-introduced rice line shows that sucrose metabolism is involved in the improved drought tolerance.,Plant Physiol Biochem. 2017 Jun
28888162,103647543,phosphoenolpyruvate carboxylase,Improved short-term drought response of transgenic rice over-expressing maize C4 phosphoenolpyruvate carboxylase via calcium signal cascade.,J Plant Physiol. 2017 Nov
29184886,29141366,"RPS4, 10 and 18a",Expression Profiling of Ribosomal Protein Gene Family in Dehydration Stress Responses and Characterization of Transgenic Rice Plants Overexpressing RPL23A for Water-Use Efficiency and Tolerance to Drought and Salt Stresses.,Front Chem. 2017 Nov 14
29312925,606407,CDPK,"Comparative Analysis of CDPK Family in Maize, Arabidopsis, Rice, and Sorghum Revealed Potential Targets for Drought Tolerance Improvement.",Front Chem. 2017 Dec 19
29312925,100381337,MAPK,"Comparative Analysis of CDPK Family in Maize, Arabidopsis, Rice, and Sorghum Revealed Potential Targets for Drought Tolerance Improvement.",Front Chem. 2017 Dec 19
30107881,28721236,peroxidase,"Isolation and identification of wheat gene TaDIS1 encoding a RING finger domain protein, which negatively regulates drought stress tolerance in transgenic Arabidopsis.",Plant Sci. 2018 Oct
30107881,829661,catalase,"Isolation and identification of wheat gene TaDIS1 encoding a RING finger domain protein, which negatively regulates drought stress tolerance in transgenic Arabidopsis.",Plant Sci. 2018 Oct
30516767,817715,glutathione peroxidase,Rice (Oryza sativa L.) tau class glutathione S-transferase (OsGSTU30) overexpression in Arabidopsis thaliana modulates a regulatory network leading to heavy metal and drought stress tolerance.,Metallomics. 2019 Feb 20
31072449,836865,AtMYB44,Transgenic expression of rice MYB102 (OsMYB102) delays leaf senescence and decreases abiotic stress tolerance in Arabidopsis thaliana.,BMB Rep. 2019 Nov
31113977,838138,AVP1,"Co-overexpression of AVP1 and OsSIZ1 in Arabidopsis substantially enhances plant tolerance to drought, salt, and heat stresses.",Sci Rep. 2019 May 21
31338715,6240301,histone deacetylase,Intracellular localization of histone deacetylase HDA6 in plants.,J Plant Res. 2019 Sep
31338715,836431,HDA6,Intracellular localization of histone deacetylase HDA6 in plants.,J Plant Res. 2019 Sep
31338715,829364,Histone acetyltransferase,Intracellular localization of histone deacetylase HDA6 in plants.,J Plant Res. 2019 Sep
31737015,837602,CER1,Expression Analysis and Functional Characterization of CER1 Family Genes Involved in Very-Long-Chain Alkanes Biosynthesis in Brachypodium distachyon.,Front Plant Sci. 2019 Nov 1
31786672,818764,MIZ1,"Cloning and characterization of a gene encoding MIZ1, a domain of unknown function protein and its role in salt and drought stress in rice.",Protoplasma. 2020 Mar
31930666,100192952,ubiquitin,Expression of the CCCH-tandem zinc finger protein gene OsTZF5 under a stress-inducible promoter mitigates the effect of drought stress on rice grain yield under field conditions.,Plant Biotechnol J. 2020 Aug
32112957,830064,RD19,"SbWRKY30 enhances the drought tolerance of plants and regulates a drought stress-responsive gene, SbRD19, in sorghum.",J Plant Physiol. 2020 Mar-Apr
32255934,100857067,NAC transcription factor,Genome-wide analysis of NAC transcription factor family in maize under drought stress and rewatering.,Physiol Mol Biol Plants. 2020 Apr
32464438,820155,MDHAR,Overexpression of rice glutaredoxin genes LOC_Os02g40500 and LOC_Os01g27140 regulate plant responses to drought stress.,Ecotoxicol Environ Saf. 2020 Sep 1
32902115,838138,AVP1,"Towards doubling fibre yield for cotton in the semiarid agricultural area by increasing tolerance to drought, heat and salinity simultaneously.",Plant Biotechnol J. 2021 Mar
32924751,822287,ICE1,Overexpression of Arabidopsis ICE1 enhances yield and multiple abiotic stress tolerance in indica rice.,Plant Signal Behav. 2020 Nov 1
33007532,820667,atnced3,Drought-induced AtbZIP62 transcription factor regulates drought stress response in Arabidopsis.,Plant Physiol Biochem. 2020 Nov
33007532,834417,atgsnor1-3,Drought-induced AtbZIP62 transcription factor regulates drought stress response in Arabidopsis.,Plant Physiol Biochem. 2020 Nov
33007532,836034,PPO,Drought-induced AtbZIP62 transcription factor regulates drought stress response in Arabidopsis.,Plant Physiol Biochem. 2020 Nov
33094397,843282,AtNAP,The SoNAP gene from sugarcane (Saccharum officinarum) encodes a senescence-associated NAC transcription factor involved in response to osmotic and salt stress.,J Plant Res. 2020 Nov
33176681,823875,AtPLC9,Heterologous expression of heat stress-responsive AtPLC9 confers heat tolerance in transgenic rice.,BMC Plant Biol. 2020 Nov 11
33224159,830471,UGT76C2,An Arabidopsis Cytokinin-Modifying Glycosyltransferase UGT76C2 Improves Drought and Salt Tolerance in Rice.,Front Plant Sci. 2020 Nov 5
33270810,834026,ENHANCED RESPONSE TO ABA1,CRISPR/Cas9-targeted mutagenesis of OsERA1 confers enhanced responses to abscisic acid and drought stress and increased primary root growth under nonstressed conditions in rice.,PLoS One. 2020 Dec 3
33278597,829541,OST1,Transcriptional activation and phosphorylation of OsCNGC9 confer enhanced chilling tolerance in rice.,Mol Plant. 2021 Feb 1
33424910,102682064,NAC,The Effect of Drought on Transcriptome and Hormonal Profiles in Barley Genotypes With Contrasting Drought Tolerance.,Front Plant Sci. 2020 Dec 23
33424910,548296,betaine aldehyde dehydrogenase,The Effect of Drought on Transcriptome and Hormonal Profiles in Barley Genotypes With Contrasting Drought Tolerance.,Front Plant Sci. 2020 Dec 23
33647795,823457,aldehyde oxidase 3,"The rice aldehyde oxidase OsAO3 gene regulates plant growth, grain yield, and drought tolerance by participating in ABA biosynthesis.",Biochem Biophys Res Commun. 2021 Apr 9
33647795,817257,AAO3,"The rice aldehyde oxidase OsAO3 gene regulates plant growth, grain yield, and drought tolerance by participating in ABA biosynthesis.",Biochem Biophys Res Commun. 2021 Apr 9
34031958,732788,ZmDREB2A,ZmbHLH124 identified in maize recombinant inbred lines contributes to drought tolerance in crops.,Plant Biotechnol J. 2021 Oct
34079581,4350088,BZIP,Cell Type-Specific Differentiation Between Indica and Japonica Rice Root Tip Responses to Different Environments Based on Single-Cell RNA Sequencing.,Front Genet. 2021 May 17
34245030,541692,sigma factor,Drought-tolerant Pseudomonas sp. showed differential expression of stress-responsive genes and induced drought tolerance in Arabidopsis thaliana.,Physiol Plant. 2022 Jan
34894501,825527,NCED1,"The moso bamboo WRKY transcription factor, PheWRKY86, regulates drought tolerance in transgenic plants.",Plant Physiol Biochem. 2022 Jan 1
34922142,28721236,peroxidase,RING E3 ubiquitin ligase TaSADR1 negatively regulates drought resistance in transgenic Arabidopsis.,Plant Physiol Biochem. 2022 Jan 1
34922142,829661,catalase,RING E3 ubiquitin ligase TaSADR1 negatively regulates drought resistance in transgenic Arabidopsis.,Plant Physiol Biochem. 2022 Jan 1
34953936,28721236,peroxidase,Comparative analysis of the stellacyanins (SCs) family and focus on drought resistance of PtSC18 in Populus trichocarpa.,Gene. 2022 Mar 1
34953936,829661,catalase,Comparative analysis of the stellacyanins (SCs) family and focus on drought resistance of PtSC18 in Populus trichocarpa.,Gene. 2022 Mar 1
35006841,100191122,WRKY,Whole-Transcriptome Responses to Environmental Stresses in Agricultural Crops Treated with Carbon-Based Nanomaterials.,ACS Appl Bio Mater. 2021 May 17
35193744,541622,phosphoenolpyruvate carboxykinase,"Overexpression of ZmPCK2, a phosphoenolpyruvate carboxykinase gene from maize confers enhanced tolerance to water deficit stress in rice.",Plant Sci. 2022 Apr
35463404,542176,PP2C,ZmPP2C26 Alternative Splicing Variants Negatively Regulate Drought Tolerance in Maize.,Front Plant Sci. 2022 Apr 8
35463404,100381337,MAPK,ZmPP2C26 Alternative Splicing Variants Negatively Regulate Drought Tolerance in Maize.,Front Plant Sci. 2022 Apr 8
35535627,100191795,MAPKKK,"Genome-wide identification and characterization of the MAPKKK, MKK, and MPK families in Chinese elite maize inbred line Huangzaosi.",Plant Genome. 2022 Sep
35535627,100381337,MAPK,"Genome-wide identification and characterization of the MAPKKK, MKK, and MPK families in Chinese elite maize inbred line Huangzaosi.",Plant Genome. 2022 Sep
35587520,833704,WSD1,Physio-biochemical and molecular characterization of a rice drought-insensitive TILLING line 1 (ditl1) mutant.,Physiol Plant. 2022 May
35682553,837997,FOUR LIPS,A Rice R2R3-Type MYB Transcription Factor OsFLP Positively Regulates Drought Stress Response via OsNAC.,Int J Mol Sci. 2022 May 24
35682553,814812,MYB88,A Rice R2R3-Type MYB Transcription Factor OsFLP Positively Regulates Drought Stress Response via OsNAC.,Int J Mol Sci. 2022 May 24
36201982,815949,AtPR-1,Overexpression of durum wheat NAC transcription factor TtNTL3A promotes early flowering and increases multiple stress tolerance in transgenic Arabidopsis.,Plant Physiol Biochem. 2022 Sep 30
36201982,842733,AtNPR1,Overexpression of durum wheat NAC transcription factor TtNTL3A promotes early flowering and increases multiple stress tolerance in transgenic Arabidopsis.,Plant Physiol Biochem. 2022 Sep 30
36484033,829845,AP2,Isolation and characterization of drought and ABA responsive promoter of a transcription factor encoding gene from rice.,Physiol Mol Biol Plants. 2022 Oct
36531367,841122,RD21,Knockout of a papain-like cysteine protease gene OCP enhances blast resistance in rice.,Front Plant Sci. 2022 Nov 30
36737006,844194,trehalose-6-phosphate synthase,Candidate genes affecting stomatal density in rice (Oryza sativa L.) identified by genome-wide association.,Plant Sci. 2023 May
36737006,843148,B-BOX zinc finger family protein,Candidate genes affecting stomatal density in rice (Oryza sativa L.) identified by genome-wide association.,Plant Sci. 2023 May
37209314,853568,SOD1,Bioinformatic and functional analysis of OsDHN2 under cadmium stress.,Funct Integr Genomics
37209314,853344,GSH1,Bioinformatic and functional analysis of OsDHN2 under cadmium stress.,Funct Integr Genomics
37209314,852979,CTT1,Bioinformatic and functional analysis of OsDHN2 under cadmium stress.,Funct Integr Genomics
38166714,102577694,peroxidase,Genome-wide analysis of the U-box E3 ligases gene family in potato (Solanum tuberosum L.) and overexpress StPUB25 enhance drought tolerance in transgenic Arabidopsis.,BMC Genomics
38319323,817951,Fes1,Overexpression of the OsFes1A increased the phytosterols content and enhanced drought and salt stress tolerance in Arabidopsis.,Planta
38319323,820091,fes1a,Overexpression of the OsFes1A increased the phytosterols content and enhanced drought and salt stress tolerance in Arabidopsis.,Planta
38319323,820438,Hsp70,Overexpression of the OsFes1A increased the phytosterols content and enhanced drought and salt stress tolerance in Arabidopsis.,Planta
38723179,828651,DREB1C,Functional Divergence in Orthologous Transcription Factors: Insights from AtCBF2/3/1 and OsDREB1C.,Mol Biol Evol
39041424,842538,HIGH LEAF TEMPERATURE1,A module involving HIGH LEAF TEMPERATURE1 controls instantaneous water use efficiency.,Plant Physiol
39041424,819215,MITOGEN-ACTIVATED PROTEIN KINASE12,A module involving HIGH LEAF TEMPERATURE1 controls instantaneous water use efficiency.,Plant Physiol
39041424,837805,SLOW ANION CHANNEL-ASSOCIATED1,A module involving HIGH LEAF TEMPERATURE1 controls instantaneous water use efficiency.,Plant Physiol
39041424,829541,OPEN STOMATA1,A module involving HIGH LEAF TEMPERATURE1 controls instantaneous water use efficiency.,Plant Physiol
39041424,827842,GUARD CELL HYDROGEN PEROXIDE-RESISTANT1,A module involving HIGH LEAF TEMPERATURE1 controls instantaneous water use efficiency.,Plant Physiol
39299420,107825965,GA20ox,Genome-wide identification of hormone biosynthetic and metabolism genes in the 2OGD family of tobacco and JOX genes silencing enhances drought tolerance in plants.,Int J Biol Macromol
39332567,544113,MYB,Genome-wide analysis of the CCT gene family and functional characterization of SlCCT6 in response to drought stress in tomato.,Int J Biol Macromol
39369362,836574,Xylem NAC domain 1,"Rice homolog of Arabidopsis Xylem NAC domain 1 (OsXND1), a NAC transcription factor regulates drought stress responsive root system architecture in indica rice.",
39854789,820667,AtNCED3,Unveiling the role of OsSAP17: Enhancing plant resistance to drought and salt.,Plant Physiol Biochem
39854789,841665,AtABA2,Unveiling the role of OsSAP17: Enhancing plant resistance to drought and salt.,Plant Physiol Biochem
40403620,837304,AtAPX1,Overexpression of auxin early response gene LcSAUR1 (Leymus chinensis) increases sensitivity to alkali and drought stresses in Arabidopsis and rice.,Plant Physiol Biochem
40597593,103723396,LOC103723396,Genome-wide and transcriptome analysis of PdWRKY transcription factors in date palm (Phoenix dactylifera) revealing insights into heat and drought stress tolerance.,BMC Genomics
40597593,103718774,LOC103718774,Genome-wide and transcriptome analysis of PdWRKY transcription factors in date palm (Phoenix dactylifera) revealing insights into heat and drought stress tolerance.,BMC Genomics
40597593,103713231,LOC103713231,Genome-wide and transcriptome analysis of PdWRKY transcription factors in date palm (Phoenix dactylifera) revealing insights into heat and drought stress tolerance.,BMC Genomics
40597593,103721327,LOC103721327,Genome-wide and transcriptome analysis of PdWRKY transcription factors in date palm (Phoenix dactylifera) revealing insights into heat and drought stress tolerance.,BMC Genomics
40597593,103721580,LOC103721580,Genome-wide and transcriptome analysis of PdWRKY transcription factors in date palm (Phoenix dactylifera) revealing insights into heat and drought stress tolerance.,BMC Genomics
40597593,103707788,LOC103707788,Genome-wide and transcriptome analysis of PdWRKY transcription factors in date palm (Phoenix dactylifera) revealing insights into heat and drought stress tolerance.,BMC Genomics
40624271,102682064,NAC,Comprehensive genome-wide characterization of NAC transcription factors in Barley influence insights into stress tolerance and evolutionary dynamics.,Sci Rep
41034703,29141378,RbcL,OsFLN2 gene knockout reduces leaf water status and photosynthetic performance of rice plants under water deficit.,BMC Plant Biol
41034703,29141363,PsaA.,OsFLN2 gene knockout reduces leaf water status and photosynthetic performance of rice plants under water deficit.,BMC Plant Biol
41696166,834947,Late,Identification and characterization of LEA gene family in physic nut and functional analysis of JcLEA1 under drought stress.,
41696166,837071,LEA1,Identification and characterization of LEA gene family in physic nut and functional analysis of JcLEA1 under drought stress.,
